pk,jsondata,polymorphic_type,id,name,description,markup_description,parameter_pk,number,abbr
1,"{""icon"": ""c000000""}",base,1-1,1,present,,1,1,
2,"{""icon"": ""c9999ff""}",base,1-0,0,absent,,1,0,
3,"{""icon"": ""cff4400""}",base,1-?,?,Not known,,1,2,
4,"{""icon"": ""c000000""}",base,10-1,1,present,,2,1,
5,"{""icon"": ""c9999ff""}",base,10-0,0,absent,,2,0,
6,"{""icon"": ""cff4400""}",base,10-?,?,Not known,,2,2,
7,"{""icon"": ""c000000""}",base,100-1,1,present,,3,1,
8,"{""icon"": ""c990099""}",base,100-0,0,absent,,3,0,
9,"{""icon"": ""ccccccc""}",base,100-N/A,N/A,Not Applicable,,3,3,
10,"{""icon"": ""cff66ff""}",base,100-?,?,Not known,,3,2,
11,"{""icon"": ""c000000""}",base,101-1,1,present,,4,1,
12,"{""icon"": ""c990099""}",base,101-0,0,absent,,4,0,
13,"{""icon"": ""ccccccc""}",base,101-N/A,N/A,Not Applicable,,4,3,
14,"{""icon"": ""cff66ff""}",base,101-?,?,Not known,,4,2,
15,"{""icon"": ""c000000""}",base,102-1,1,present,,5,1,
16,"{""icon"": ""c990099""}",base,102-0,0,absent,,5,0,
17,"{""icon"": ""ccccccc""}",base,102-N/A,N/A,Not Applicable,,5,3,
18,"{""icon"": ""cff66ff""}",base,102-?,?,Not known,,5,2,
19,"{""icon"": ""c000000""}",base,103-1,1,present,,6,1,
20,"{""icon"": ""c990099""}",base,103-0,0,absent,,6,0,
21,"{""icon"": ""ccccccc""}",base,103-N/A,N/A,Not Applicable,,6,3,
22,"{""icon"": ""cff66ff""}",base,103-?,?,Not known,,6,2,
23,"{""icon"": ""c000000""}",base,104-1,1,present,,7,1,
24,"{""icon"": ""c990099""}",base,104-0,0,absent,,7,0,
25,"{""icon"": ""ccccccc""}",base,104-N/A,N/A,Not Applicable,,7,3,
26,"{""icon"": ""cff66ff""}",base,104-?,?,Not known,,7,2,
27,"{""icon"": ""c000000""}",base,105-1,1,present,,8,1,
28,"{""icon"": ""c990099""}",base,105-0,0,absent,,8,0,
29,"{""icon"": ""ccccccc""}",base,105-N/A,N/A,Not Applicable,,8,3,
30,"{""icon"": ""cff66ff""}",base,105-?,?,Not known,,8,2,
31,"{""icon"": ""c000000""}",base,106-1,1,present,,9,1,
32,"{""icon"": ""c990099""}",base,106-0,0,absent,,9,0,
33,"{""icon"": ""ccccccc""}",base,106-N/A,N/A,Not Applicable,,9,3,
34,"{""icon"": ""cff66ff""}",base,106-?,?,Not known,,9,2,
35,"{""icon"": ""c000000""}",base,107-1,1,present,,10,1,
36,"{""icon"": ""c990099""}",base,107-0,0,absent,,10,0,
37,"{""icon"": ""ccccccc""}",base,107-N/A,N/A,Not Applicable,,10,3,
38,"{""icon"": ""cff66ff""}",base,107-?,?,Not known,,10,2,
39,"{""icon"": ""c000000""}",base,108-1,1,present,,11,1,
40,"{""icon"": ""c990099""}",base,108-0,0,absent,,11,0,
41,"{""icon"": ""ccccccc""}",base,108-N/A,N/A,Not Applicable,,11,3,
42,"{""icon"": ""cff66ff""}",base,108-?,?,Not known,,11,2,
43,"{""icon"": ""c000000""}",base,109-1,1,present,,12,1,
44,"{""icon"": ""c990099""}",base,109-0,0,absent,,12,0,
45,"{""icon"": ""ccccccc""}",base,109-N/A,N/A,Not Applicable,,12,3,
46,"{""icon"": ""cff66ff""}",base,109-?,?,Not known,,12,2,
47,"{""icon"": ""c000000""}",base,11-1,1,present,,13,1,
48,"{""icon"": ""c9999ff""}",base,11-0,0,absent,,13,0,
49,"{""icon"": ""cff4400""}",base,11-?,?,Not known,,13,2,
50,"{""icon"": ""c000000""}",base,110-1,1,present,,14,1,
51,"{""icon"": ""c990099""}",base,110-0,0,absent,,14,0,
52,"{""icon"": ""ccccccc""}",base,110-N/A,N/A,Not Applicable,,14,3,
53,"{""icon"": ""cff66ff""}",base,110-?,?,Not known,,14,2,
54,"{""icon"": ""c000000""}",base,111-1,1,present,,15,1,
55,"{""icon"": ""c990099""}",base,111-0,0,absent,,15,0,
56,"{""icon"": ""ccccccc""}",base,111-N/A,N/A,Not Applicable,,15,3,
57,"{""icon"": ""cff66ff""}",base,111-?,?,Not known,,15,2,
58,"{""icon"": ""c000000""}",base,112-1,1,present,,16,1,
59,"{""icon"": ""c990099""}",base,112-0,0,absent,,16,0,
60,"{""icon"": ""ccccccc""}",base,112-N/A,N/A,Not Applicable,,16,3,
61,"{""icon"": ""cff66ff""}",base,112-?,?,Not known,,16,2,
62,"{""icon"": ""c000000""}",base,113-1,1,present,,17,1,
63,"{""icon"": ""c990099""}",base,113-0,0,absent,,17,0,
64,"{""icon"": ""ccccccc""}",base,113-N/A,N/A,Not Applicable,,17,3,
65,"{""icon"": ""cff66ff""}",base,113-?,?,Not known,,17,2,
66,"{""icon"": ""c000000""}",base,114-1,1,present,,18,1,
67,"{""icon"": ""c990099""}",base,114-0,0,absent,,18,0,
68,"{""icon"": ""ccccccc""}",base,114-N/A,N/A,Not Applicable,,18,3,
69,"{""icon"": ""cff66ff""}",base,114-?,?,Not known,,18,2,
70,"{""icon"": ""c000000""}",base,115-1,1,present,,19,1,
71,"{""icon"": ""c990099""}",base,115-0,0,absent,,19,0,
72,"{""icon"": ""ccccccc""}",base,115-N/A,N/A,Not Applicable,,19,3,
73,"{""icon"": ""cff66ff""}",base,115-?,?,Not known,,19,2,
74,"{""icon"": ""c000000""}",base,116-1,1,present,,20,1,
75,"{""icon"": ""c990099""}",base,116-0,0,absent,,20,0,
76,"{""icon"": ""ccccccc""}",base,116-N/A,N/A,Not Applicable,,20,3,
77,"{""icon"": ""cff66ff""}",base,116-?,?,Not known,,20,2,
78,"{""icon"": ""c000000""}",base,117-1,1,present,,21,1,
79,"{""icon"": ""c990099""}",base,117-0,0,absent,,21,0,
80,"{""icon"": ""ccccccc""}",base,117-N/A,N/A,Not Applicable,,21,3,
81,"{""icon"": ""cff66ff""}",base,117-?,?,Not known,,21,2,
82,"{""icon"": ""c000000""}",base,118-1,1,present,,22,1,
83,"{""icon"": ""c990099""}",base,118-0,0,absent,,22,0,
84,"{""icon"": ""ccccccc""}",base,118-N/A,N/A,Not Applicable,,22,3,
85,"{""icon"": ""cff66ff""}",base,118-?,?,Not known,,22,2,
86,"{""icon"": ""c000000""}",base,119-1,1,present,,23,1,
87,"{""icon"": ""c990099""}",base,119-0,0,absent,,23,0,
88,"{""icon"": ""ccccccc""}",base,119-N/A,N/A,Not Applicable,,23,3,
89,"{""icon"": ""cff66ff""}",base,119-?,?,Not known,,23,2,
90,"{""icon"": ""c000000""}",base,12-1,1,present,,24,1,
91,"{""icon"": ""c9999ff""}",base,12-0,0,absent,,24,0,
92,"{""icon"": ""cff4400""}",base,12-?,?,Not known,,24,2,
93,"{""icon"": ""c000000""}",base,120-1,1,present,,25,1,
94,"{""icon"": ""c990099""}",base,120-0,0,absent,,25,0,
95,"{""icon"": ""ccccccc""}",base,120-N/A,N/A,Not Applicable,,25,3,
96,"{""icon"": ""cff66ff""}",base,120-?,?,Not known,,25,2,
97,"{""icon"": ""c000000""}",base,121-1,1,present,,26,1,
98,"{""icon"": ""c990099""}",base,121-0,0,absent,,26,0,
99,"{""icon"": ""ccccccc""}",base,121-N/A,N/A,Not Applicable,,26,3,
100,"{""icon"": ""cff66ff""}",base,121-?,?,Not known,,26,2,
101,"{""icon"": ""c000000""}",base,122-1,1,present,,27,1,
102,"{""icon"": ""c990099""}",base,122-0,0,absent,,27,0,
103,"{""icon"": ""ccccccc""}",base,122-N/A,N/A,Not Applicable,,27,3,
104,"{""icon"": ""cff66ff""}",base,122-?,?,Not known,,27,2,
105,"{""icon"": ""c000000""}",base,123-1,1,present,,28,1,
106,"{""icon"": ""c990099""}",base,123-0,0,absent,,28,0,
107,"{""icon"": ""ccccccc""}",base,123-N/A,N/A,Not Applicable,,28,3,
108,"{""icon"": ""cff66ff""}",base,123-?,?,Not known,,28,2,
109,"{""icon"": ""c000000""}",base,124-1,1,present,,29,1,
110,"{""icon"": ""c990099""}",base,124-0,0,absent,,29,0,
111,"{""icon"": ""ccccccc""}",base,124-N/A,N/A,Not Applicable,,29,3,
112,"{""icon"": ""cff66ff""}",base,124-?,?,Not known,,29,2,
113,"{""icon"": ""c000000""}",base,125-1,1,present,,30,1,
114,"{""icon"": ""c990099""}",base,125-0,0,absent,,30,0,
115,"{""icon"": ""ccccccc""}",base,125-N/A,N/A,Not Applicable,,30,3,
116,"{""icon"": ""cff66ff""}",base,125-?,?,Not known,,30,2,
117,"{""icon"": ""c000000""}",base,126-1,1,present,,31,1,
118,"{""icon"": ""c990099""}",base,126-0,0,absent,,31,0,
119,"{""icon"": ""ccccccc""}",base,126-N/A,N/A,Not Applicable,,31,3,
120,"{""icon"": ""cff66ff""}",base,126-?,?,Not known,,31,2,
121,"{""icon"": ""c000000""}",base,127-1,1,present,,32,1,
122,"{""icon"": ""c990099""}",base,127-0,0,absent,,32,0,
123,"{""icon"": ""ccccccc""}",base,127-N/A,N/A,Not Applicable,,32,3,
124,"{""icon"": ""cff66ff""}",base,127-?,?,Not known,,32,2,
125,"{""icon"": ""c000000""}",base,128-1,1,present,,33,1,
126,"{""icon"": ""c990099""}",base,128-0,0,absent,,33,0,
127,"{""icon"": ""ccccccc""}",base,128-N/A,N/A,Not Applicable,,33,3,
128,"{""icon"": ""cff66ff""}",base,128-?,?,Not known,,33,2,
129,"{""icon"": ""c000000""}",base,129-1,1,present,,34,1,
130,"{""icon"": ""c990099""}",base,129-0,0,absent,,34,0,
131,"{""icon"": ""ccccccc""}",base,129-N/A,N/A,Not Applicable,,34,3,
132,"{""icon"": ""cff66ff""}",base,129-?,?,Not known,,34,2,
133,"{""icon"": ""c000000""}",base,13-1,1,present,,35,1,
134,"{""icon"": ""c9999ff""}",base,13-0,0,absent,,35,0,
135,"{""icon"": ""cff4400""}",base,13-?,?,Not known,,35,2,
136,"{""icon"": ""c000000""}",base,130-1,1,SV,,36,0,
137,"{""icon"": ""c66ff33""}",base,130-3,3,both,,36,2,
138,"{""icon"": ""c99ffff""}",base,130-2,2,VS,,36,1,
139,"{""icon"": ""cdd0000""}",base,130-N/A,N/A,Not Applicable,,36,4,
140,"{""icon"": ""cff66ff""}",base,130-?,?,Not known,,36,3,
141,"{""icon"": ""c000000""}",base,131-1,1,present,,37,1,
142,"{""icon"": ""c990099""}",base,131-0,0,absent,,37,0,
143,"{""icon"": ""ccccccc""}",base,131-N/A,N/A,Not Applicable,,37,3,
144,"{""icon"": ""cff66ff""}",base,131-?,?,Not known,,37,2,
145,"{""icon"": ""c000000""}",base,132-1,1,present,,38,1,
146,"{""icon"": ""c990099""}",base,132-0,0,absent,,38,0,
147,"{""icon"": ""ccccccc""}",base,132-N/A,N/A,Not Applicable,,38,3,
148,"{""icon"": ""cff66ff""}",base,132-?,?,Not known,,38,2,
149,"{""icon"": ""c000000""}",base,133-1,1,present,,39,1,
150,"{""icon"": ""c990099""}",base,133-0,0,absent,,39,0,
151,"{""icon"": ""ccccccc""}",base,133-N/A,N/A,Not Applicable,,39,3,
152,"{""icon"": ""cff66ff""}",base,133-?,?,Not known,,39,2,
153,"{""icon"": ""c000000""}",base,134-1,1,present,,40,1,
154,"{""icon"": ""c990099""}",base,134-0,0,absent,,40,0,
155,"{""icon"": ""ccccccc""}",base,134-N/A,N/A,Not Applicable,,40,3,
156,"{""icon"": ""cff66ff""}",base,134-?,?,Not known,,40,2,
157,"{""icon"": ""c000000""}",base,135-1,1,present,,41,1,
158,"{""icon"": ""c990099""}",base,135-0,0,absent,,41,0,
159,"{""icon"": ""ccccccc""}",base,135-N/A,N/A,Not Applicable,,41,3,
160,"{""icon"": ""cff66ff""}",base,135-?,?,Not known,,41,2,
161,"{""icon"": ""c000000""}",base,136-1,1,present,,42,1,
162,"{""icon"": ""c990099""}",base,136-0,0,absent,,42,0,
163,"{""icon"": ""ccccccc""}",base,136-N/A,N/A,Not Applicable,,42,3,
164,"{""icon"": ""cff66ff""}",base,136-?,?,Not known,,42,2,
165,"{""icon"": ""c000000""}",base,137-1,1,present,,43,1,
166,"{""icon"": ""c990099""}",base,137-0,0,absent,,43,0,
167,"{""icon"": ""ccccccc""}",base,137-N/A,N/A,Not Applicable,,43,3,
168,"{""icon"": ""cff66ff""}",base,137-?,?,Not known,,43,2,
169,"{""icon"": ""c000000""}",base,138-1,1,present,,44,1,
170,"{""icon"": ""c990099""}",base,138-0,0,absent,,44,0,
171,"{""icon"": ""ccccccc""}",base,138-N/A,N/A,Not Applicable,,44,3,
172,"{""icon"": ""cff66ff""}",base,138-?,?,Not known,,44,2,
173,"{""icon"": ""c000000""}",base,139-1,1,present,,45,1,
174,"{""icon"": ""c990099""}",base,139-0,0,absent,,45,0,
175,"{""icon"": ""ccccccc""}",base,139-N/A,N/A,Not Applicable,,45,3,
176,"{""icon"": ""cff66ff""}",base,139-?,?,Not known,,45,2,
177,"{""icon"": ""c000000""}",base,14-1,1,present,,46,1,
178,"{""icon"": ""c9999ff""}",base,14-0,0,absent,,46,0,
179,"{""icon"": ""cff4400""}",base,14-?,?,Not known,,46,2,
180,"{""icon"": ""c000000""}",base,140-1,1,present,,47,1,
181,"{""icon"": ""c990099""}",base,140-0,0,absent,,47,0,
182,"{""icon"": ""ccccccc""}",base,140-N/A,N/A,Not Applicable,,47,3,
183,"{""icon"": ""cff66ff""}",base,140-?,?,Not known,,47,2,
184,"{""icon"": ""c000000""}",base,141-1,1,present,,48,1,
185,"{""icon"": ""c990099""}",base,141-0,0,absent,,48,0,
186,"{""icon"": ""ccccccc""}",base,141-N/A,N/A,Not Applicable,,48,3,
187,"{""icon"": ""cff66ff""}",base,141-?,?,Not known,,48,2,
188,"{""icon"": ""c000000""}",base,142-1,1,present,,49,1,
189,"{""icon"": ""c990099""}",base,142-0,0,absent,,49,0,
190,"{""icon"": ""ccccccc""}",base,142-N/A,N/A,Not Applicable,,49,3,
191,"{""icon"": ""cff66ff""}",base,142-?,?,Not known,,49,2,
192,"{""icon"": ""c000000""}",base,143-1,1,present,,50,1,
193,"{""icon"": ""c990099""}",base,143-0,0,absent,,50,0,
194,"{""icon"": ""ccccccc""}",base,143-N/A,N/A,Not Applicable,,50,3,
195,"{""icon"": ""cff66ff""}",base,143-?,?,Not known,,50,2,
196,"{""icon"": ""c000000""}",base,144-1,1,present,,51,1,
197,"{""icon"": ""c990099""}",base,144-0,0,absent,,51,0,
198,"{""icon"": ""ccccccc""}",base,144-N/A,N/A,Not Applicable,,51,3,
199,"{""icon"": ""cff66ff""}",base,144-?,?,Not known,,51,2,
200,"{""icon"": ""c000000""}",base,145-1,1,present,,52,1,
201,"{""icon"": ""c990099""}",base,145-0,0,absent,,52,0,
202,"{""icon"": ""ccccccc""}",base,145-N/A,N/A,Not Applicable,,52,3,
203,"{""icon"": ""cff66ff""}",base,145-?,?,Not known,,52,2,
204,"{""icon"": ""c000000""}",base,146-1,1,present,,53,1,
205,"{""icon"": ""c990099""}",base,146-0,0,absent,,53,0,
206,"{""icon"": ""ccccccc""}",base,146-N/A,N/A,Not Applicable,,53,3,
207,"{""icon"": ""cff66ff""}",base,146-?,?,Not known,,53,2,
208,"{""icon"": ""c000000""}",base,147-1,1,present,,54,1,
209,"{""icon"": ""c990099""}",base,147-0,0,absent,,54,0,
210,"{""icon"": ""ccccccc""}",base,147-N/A,N/A,Not Applicable,,54,3,
211,"{""icon"": ""cff66ff""}",base,147-?,?,Not known,,54,2,
212,"{""icon"": ""c000000""}",base,148-1,1,present,,55,1,
213,"{""icon"": ""c990099""}",base,148-0,0,absent,,55,0,
214,"{""icon"": ""ccccccc""}",base,148-N/A,N/A,Not Applicable,,55,3,
215,"{""icon"": ""cff66ff""}",base,148-?,?,Not known,,55,2,
216,"{""icon"": ""c000000""}",base,149-1,1,present,,56,1,
217,"{""icon"": ""c990099""}",base,149-0,0,absent,,56,0,
218,"{""icon"": ""ccccccc""}",base,149-N/A,N/A,Not Applicable,,56,3,
219,"{""icon"": ""cff66ff""}",base,149-?,?,Not known,,56,2,
220,"{""icon"": ""c000000""}",base,15-1,1,present,,57,1,
221,"{""icon"": ""c9999ff""}",base,15-0,0,absent,,57,0,
222,"{""icon"": ""cff4400""}",base,15-?,?,Not known,,57,2,
223,"{""icon"": ""c000000""}",base,150-1,1,present,,58,1,
224,"{""icon"": ""c990099""}",base,150-0,0,absent,,58,0,
225,"{""icon"": ""ccccccc""}",base,150-N/A,N/A,Not Applicable,,58,3,
226,"{""icon"": ""cff66ff""}",base,150-?,?,Not known,,58,2,
227,"{""icon"": ""c000000""}",base,151-1,1,present,,59,1,
228,"{""icon"": ""c990099""}",base,151-0,0,absent,,59,0,
229,"{""icon"": ""ccccccc""}",base,151-N/A,N/A,Not Applicable,,59,3,
230,"{""icon"": ""cff66ff""}",base,151-?,?,Not known,,59,2,
231,"{""icon"": ""c000000""}",base,152-1,1,present,,60,1,
232,"{""icon"": ""c990099""}",base,152-0,0,absent,,60,0,
233,"{""icon"": ""ccccccc""}",base,152-N/A,N/A,Not Applicable,,60,3,
234,"{""icon"": ""cff66ff""}",base,152-?,?,Not known,,60,2,
235,"{""icon"": ""c000000""}",base,153-1,1,present,,61,1,
236,"{""icon"": ""c990099""}",base,153-0,0,absent,,61,0,
237,"{""icon"": ""ccccccc""}",base,153-N/A,N/A,Not Applicable,,61,3,
238,"{""icon"": ""cff66ff""}",base,153-?,?,Not known,,61,2,
239,"{""icon"": ""c000000""}",base,154-1,1,present,,62,1,
240,"{""icon"": ""c990099""}",base,154-0,0,absent,,62,0,
241,"{""icon"": ""ccccccc""}",base,154-N/A,N/A,Not Applicable,,62,3,
242,"{""icon"": ""cff66ff""}",base,154-?,?,Not known,,62,2,
243,"{""icon"": ""c000000""}",base,155-1,1,present,,63,1,
244,"{""icon"": ""c990099""}",base,155-0,0,absent,,63,0,
245,"{""icon"": ""ccccccc""}",base,155-N/A,N/A,Not Applicable,,63,3,
246,"{""icon"": ""cff66ff""}",base,155-?,?,Not known,,63,2,
247,"{""icon"": ""c000000""}",base,156-1,1,present,,64,1,
248,"{""icon"": ""c990099""}",base,156-0,0,absent,,64,0,
249,"{""icon"": ""ccccccc""}",base,156-N/A,N/A,Not Applicable,,64,3,
250,"{""icon"": ""cff66ff""}",base,156-?,?,Not known,,64,2,
251,"{""icon"": ""c000000""}",base,157-1,1,present,,65,1,
252,"{""icon"": ""c990099""}",base,157-0,0,absent,,65,0,
253,"{""icon"": ""ccccccc""}",base,157-N/A,N/A,Not Applicable,,65,3,
254,"{""icon"": ""cff66ff""}",base,157-?,?,Not known,,65,2,
255,"{""icon"": ""c000000""}",base,158-1,1,present,,66,1,
256,"{""icon"": ""c990099""}",base,158-0,0,absent,,66,0,
257,"{""icon"": ""ccccccc""}",base,158-N/A,N/A,Not Applicable,,66,3,
258,"{""icon"": ""cff66ff""}",base,158-?,?,Not known,,66,2,
259,"{""icon"": ""c000000""}",base,159-1,1,present,,67,1,
260,"{""icon"": ""c990099""}",base,159-0,0,absent,,67,0,
261,"{""icon"": ""ccccccc""}",base,159-N/A,N/A,Not Applicable,,67,3,
262,"{""icon"": ""cff66ff""}",base,159-?,?,Not known,,67,2,
263,"{""icon"": ""c000000""}",base,16-1,1,present,,68,1,
264,"{""icon"": ""c9999ff""}",base,16-0,0,absent,,68,0,
265,"{""icon"": ""cff4400""}",base,16-?,?,Not known,,68,2,
266,"{""icon"": ""c000000""}",base,160-1,1,present,,69,1,
267,"{""icon"": ""c990099""}",base,160-0,0,absent,,69,0,
268,"{""icon"": ""ccccccc""}",base,160-N/A,N/A,Not Applicable,,69,3,
269,"{""icon"": ""cff66ff""}",base,160-?,?,Not known,,69,2,
270,"{""icon"": ""c000000""}",base,162-1,1,present,,70,1,
271,"{""icon"": ""c990099""}",base,162-0,0,absent,,70,0,
272,"{""icon"": ""ccccccc""}",base,162-N/A,N/A,Not Applicable,,70,3,
273,"{""icon"": ""cff66ff""}",base,162-?,?,Not known,,70,2,
274,"{""icon"": ""c000000""}",base,163-24,24,24,,71,17,
275,"{""icon"": ""c0000dd""}",base,163-25,25,25,,71,18,
276,"{""icon"": ""c009900""}",base,163-20,20,20,,71,13,
277,"{""icon"": ""c66ff33""}",base,163-21,21,21,,71,14,
278,"{""icon"": ""c990099""}",base,163-22,22,22,,71,15,
279,"{""icon"": ""c9999ff""}",base,163-23,23,23,,71,16,
280,"{""icon"": ""c99ffff""}",base,163-1,1,1,,71,1,
281,"{""icon"": ""caa0000""}",base,163-0,0,0,,71,0,
282,"{""icon"": ""ccccccc""}",base,163-3,3,3,,71,19,
283,"{""icon"": ""cdd0000""}",base,163-2,2,2,,71,12,
284,"{""icon"": ""cff4400""}",base,163-5,5,5,,71,21,
285,"{""icon"": ""cff6600""}",base,163-4,4,4,,71,20,
286,"{""icon"": ""cff66ff""}",base,163-7,7,7,,71,23,
287,"{""icon"": ""cffcc00""}",base,163-6,6,6,,71,22,
288,"{""icon"": ""cffff00""}",base,163-9,9,9,,71,25,
289,"{""icon"": ""cffffcc""}",base,163-8,8,8,,71,24,
290,"{""icon"": ""cffffff""}",base,163-?,?,Not known,,71,26,
291,"{""icon"": ""c000000""}",base,163-N/A,N/A,Not Applicable,,71,27,
292,"{""icon"": ""c0000dd""}",base,163-11,11,11,,71,3,
293,"{""icon"": ""c009900""}",base,163-10,10,10,,71,2,
294,"{""icon"": ""c66ff33""}",base,163-13,13,13,,71,5,
295,"{""icon"": ""c990099""}",base,163-12,12,12,,71,4,
296,"{""icon"": ""c9999ff""}",base,163-15,15,15,,71,7,
297,"{""icon"": ""c99ffff""}",base,163-14,14,14,,71,6,
298,"{""icon"": ""caa0000""}",base,163-17,17,17,,71,9,
299,"{""icon"": ""ccccccc""}",base,163-16,16,16,,71,8,
300,"{""icon"": ""cdd0000""}",base,163-19,19,19,,71,11,
301,"{""icon"": ""cff4400""}",base,163-18,18,18,,71,10,
302,"{""icon"": ""c000000""}",base,165-1,1,present,,72,1,
303,"{""icon"": ""c990099""}",base,165-0,0,absent,,72,0,
304,"{""icon"": ""ccccccc""}",base,165-N/A,N/A,Not Applicable,,72,3,
305,"{""icon"": ""cff66ff""}",base,165-?,?,Not known,,72,2,
306,"{""icon"": ""c000000""}",base,166-1,1,present,,73,1,
307,"{""icon"": ""c990099""}",base,166-0,0,absent,,73,0,
308,"{""icon"": ""ccccccc""}",base,166-N/A,N/A,Not Applicable,,73,3,
309,"{""icon"": ""cff66ff""}",base,166-?,?,Not known,,73,2,
310,"{""icon"": ""c000000""}",base,167-1,1,present,,74,1,
311,"{""icon"": ""c990099""}",base,167-0,0,absent,,74,0,
312,"{""icon"": ""ccccccc""}",base,167-N/A,N/A,Not Applicable,,74,3,
313,"{""icon"": ""cff66ff""}",base,167-?,?,Not known,,74,2,
314,"{""icon"": ""c000000""}",base,168-1,1,present,,75,1,
315,"{""icon"": ""c990099""}",base,168-0,0,absent,,75,0,
316,"{""icon"": ""ccccccc""}",base,168-N/A,N/A,Not Applicable,,75,3,
317,"{""icon"": ""cff66ff""}",base,168-?,?,Not known,,75,2,
318,"{""icon"": ""c000000""}",base,169-1,1,present,,76,1,
319,"{""icon"": ""c990099""}",base,169-0,0,absent,,76,0,
320,"{""icon"": ""ccccccc""}",base,169-N/A,N/A,Not Applicable,,76,3,
321,"{""icon"": ""cff66ff""}",base,169-?,?,Not known,,76,2,
322,"{""icon"": ""c000000""}",base,17-1,1,present,,77,1,
323,"{""icon"": ""c9999ff""}",base,17-0,0,absent,,77,0,
324,"{""icon"": ""cff4400""}",base,17-?,?,Not known,,77,2,
325,"{""icon"": ""c000000""}",base,170-1,1,present,,78,1,
326,"{""icon"": ""c990099""}",base,170-0,0,absent,,78,0,
327,"{""icon"": ""ccccccc""}",base,170-N/A,N/A,Not Applicable,,78,3,
328,"{""icon"": ""cff66ff""}",base,170-?,?,Not known,,78,2,
329,"{""icon"": ""c000000""}",base,171-1,1,present,,79,1,
330,"{""icon"": ""c990099""}",base,171-0,0,absent,,79,0,
331,"{""icon"": ""ccccccc""}",base,171-N/A,N/A,Not Applicable,,79,3,
332,"{""icon"": ""cff66ff""}",base,171-?,?,Not known,,79,2,
333,"{""icon"": ""c000000""}",base,172-1,1,present,,80,1,
334,"{""icon"": ""c990099""}",base,172-0,0,absent,,80,0,
335,"{""icon"": ""ccccccc""}",base,172-N/A,N/A,Not Applicable,,80,3,
336,"{""icon"": ""cff66ff""}",base,172-?,?,Not known,,80,2,
337,"{""icon"": ""c000000""}",base,173-1,1,present,,81,1,
338,"{""icon"": ""c990099""}",base,173-0,0,absent,,81,0,
339,"{""icon"": ""ccccccc""}",base,173-N/A,N/A,Not Applicable,,81,3,
340,"{""icon"": ""cff66ff""}",base,173-?,?,Not known,,81,2,
341,"{""icon"": ""c000000""}",base,174-1,1,present,,82,1,
342,"{""icon"": ""c990099""}",base,174-0,0,absent,,82,0,
343,"{""icon"": ""ccccccc""}",base,174-N/A,N/A,Not Applicable,,82,3,
344,"{""icon"": ""cff66ff""}",base,174-?,?,Not known,,82,2,
345,"{""icon"": ""c000000""}",base,175-1,1,present,,83,1,
346,"{""icon"": ""c990099""}",base,175-0,0,absent,,83,0,
347,"{""icon"": ""ccccccc""}",base,175-N/A,N/A,Not Applicable,,83,3,
348,"{""icon"": ""cff66ff""}",base,175-?,?,Not known,,83,2,
349,"{""icon"": ""c000000""}",base,176-1,1,present,,84,1,
350,"{""icon"": ""c990099""}",base,176-0,0,absent,,84,0,
351,"{""icon"": ""ccccccc""}",base,176-N/A,N/A,Not Applicable,,84,3,
352,"{""icon"": ""cff66ff""}",base,176-?,?,Not known,,84,2,
353,"{""icon"": ""c000000""}",base,177-1,1,present,,85,1,
354,"{""icon"": ""c990099""}",base,177-0,0,absent,,85,0,
355,"{""icon"": ""ccccccc""}",base,177-N/A,N/A,Not Applicable,,85,3,
356,"{""icon"": ""cff66ff""}",base,177-?,?,Not known,,85,2,
357,"{""icon"": ""c000000""}",base,178-1,1,present,,86,1,
358,"{""icon"": ""c990099""}",base,178-0,0,absent,,86,0,
359,"{""icon"": ""ccccccc""}",base,178-N/A,N/A,Not Applicable,,86,3,
360,"{""icon"": ""cff66ff""}",base,178-?,?,Not known,,86,2,
361,"{""icon"": ""c000000""}",base,179-1,1,present,,87,1,
362,"{""icon"": ""c990099""}",base,179-0,0,absent,,87,0,
363,"{""icon"": ""ccccccc""}",base,179-N/A,N/A,Not Applicable,,87,3,
364,"{""icon"": ""cff66ff""}",base,179-?,?,Not known,,87,2,
365,"{""icon"": ""c000000""}",base,18-1,1,present,,88,1,
366,"{""icon"": ""c9999ff""}",base,18-0,0,absent,,88,0,
367,"{""icon"": ""cff4400""}",base,18-?,?,Not known,,88,2,
368,"{""icon"": ""c000000""}",base,181-1,1,present,,89,1,
369,"{""icon"": ""c990099""}",base,181-0,0,absent,,89,0,
370,"{""icon"": ""ccccccc""}",base,181-N/A,N/A,Not Applicable,,89,3,
371,"{""icon"": ""cff66ff""}",base,181-?,?,Not known,,89,2,
372,"{""icon"": ""c000000""}",base,182-1,1,present,,90,1,
373,"{""icon"": ""c990099""}",base,182-0,0,absent,,90,0,
374,"{""icon"": ""ccccccc""}",base,182-N/A,N/A,Not Applicable,,90,3,
375,"{""icon"": ""cff66ff""}",base,182-?,?,Not known,,90,2,
376,"{""icon"": ""c000000""}",base,183-1,1,present,,91,1,
377,"{""icon"": ""c990099""}",base,183-0,0,absent,,91,0,
378,"{""icon"": ""ccccccc""}",base,183-N/A,N/A,Not Applicable,,91,3,
379,"{""icon"": ""cff66ff""}",base,183-?,?,Not known,,91,2,
380,"{""icon"": ""c000000""}",base,184-1,1,present,,92,1,
381,"{""icon"": ""c990099""}",base,184-0,0,absent,,92,0,
382,"{""icon"": ""ccccccc""}",base,184-N/A,N/A,Not Applicable,,92,3,
383,"{""icon"": ""cff66ff""}",base,184-?,?,Not known,,92,2,
384,"{""icon"": ""c000000""}",base,185-1,1,present,,93,1,
385,"{""icon"": ""c990099""}",base,185-0,0,absent,,93,0,
386,"{""icon"": ""ccccccc""}",base,185-N/A,N/A,Not Applicable,,93,3,
387,"{""icon"": ""cff66ff""}",base,185-?,?,Not known,,93,2,
388,"{""icon"": ""c000000""}",base,186-1,1,present,,94,1,
389,"{""icon"": ""c990099""}",base,186-0,0,absent,,94,0,
390,"{""icon"": ""ccccccc""}",base,186-N/A,N/A,Not Applicable,,94,3,
391,"{""icon"": ""cff66ff""}",base,186-?,?,Not known,,94,2,
392,"{""icon"": ""c000000""}",base,187-1,1,present,,95,1,
393,"{""icon"": ""c990099""}",base,187-0,0,absent,,95,0,
394,"{""icon"": ""ccccccc""}",base,187-N/A,N/A,Not Applicable,,95,3,
395,"{""icon"": ""cff66ff""}",base,187-?,?,Not known,,95,2,
396,"{""icon"": ""c000000""}",base,188-1,1,present,,96,1,
397,"{""icon"": ""c990099""}",base,188-0,0,absent,,96,0,
398,"{""icon"": ""ccccccc""}",base,188-N/A,N/A,Not Applicable,,96,3,
399,"{""icon"": ""cff66ff""}",base,188-?,?,Not known,,96,2,
400,"{""icon"": ""c000000""}",base,19-1,1,present,,97,1,
401,"{""icon"": ""c9999ff""}",base,19-0,0,absent,,97,0,
402,"{""icon"": ""cff4400""}",base,19-?,?,Not known,,97,2,
403,"{""icon"": ""c000000""}",base,191-1,1,present,,98,1,
404,"{""icon"": ""c990099""}",base,191-0,0,absent,,98,0,
405,"{""icon"": ""ccccccc""}",base,191-N/A,N/A,Not Applicable,,98,3,
406,"{""icon"": ""cff66ff""}",base,191-?,?,Not known,,98,2,
407,"{""icon"": ""c000000""}",base,192-1,1,present,,99,1,
408,"{""icon"": ""c990099""}",base,192-0,0,absent,,99,0,
409,"{""icon"": ""ccccccc""}",base,192-N/A,N/A,Not Applicable,,99,3,
410,"{""icon"": ""cff66ff""}",base,192-?,?,Not known,,99,2,
411,"{""icon"": ""c000000""}",base,193-N/A,N/A,Not Applicable,,100,5,
412,"{""icon"": ""c009900""}",base,193-1,1,ANM-N,,100,1,
413,"{""icon"": ""c990099""}",base,193-0,0,there are no ANM,,100,0,
414,"{""icon"": ""c99ffff""}",base,193-3,3,Both,,100,3,
415,"{""icon"": ""ccccccc""}",base,193-2,2,N-ANM,,100,2,
416,"{""icon"": ""cff4400""}",base,193-?,?,Not known,,100,4,
417,"{""icon"": ""c000000""}",base,194-1,1,present,,101,1,
418,"{""icon"": ""c990099""}",base,194-0,0,absent,,101,0,
419,"{""icon"": ""ccccccc""}",base,194-N/A,N/A,Not Applicable,,101,3,
420,"{""icon"": ""cff66ff""}",base,194-?,?,Not known,,101,2,
421,"{""icon"": ""c000000""}",base,195-1,1,present,,102,1,
422,"{""icon"": ""c990099""}",base,195-0,0,absent,,102,0,
423,"{""icon"": ""ccccccc""}",base,195-N/A,N/A,Not Applicable,,102,3,
424,"{""icon"": ""cff66ff""}",base,195-?,?,Not known,,102,2,
425,"{""icon"": ""c000000""}",base,196-1,1,present,,103,1,
426,"{""icon"": ""c990099""}",base,196-0,0,absent,,103,0,
427,"{""icon"": ""ccccccc""}",base,196-N/A,N/A,Not Applicable,,103,3,
428,"{""icon"": ""cff66ff""}",base,196-?,?,Not known,,103,2,
429,"{""icon"": ""c000000""}",base,197-1,1,present,,104,1,
430,"{""icon"": ""c990099""}",base,197-0,0,absent,,104,0,
431,"{""icon"": ""ccccccc""}",base,197-N/A,N/A,Not Applicable,,104,3,
432,"{""icon"": ""cff66ff""}",base,197-?,?,Not known,,104,2,
433,"{""icon"": ""c000000""}",base,198-1,1,present,,105,1,
434,"{""icon"": ""c990099""}",base,198-0,0,absent,,105,0,
435,"{""icon"": ""ccccccc""}",base,198-N/A,N/A,Not Applicable,,105,3,
436,"{""icon"": ""cff66ff""}",base,198-?,?,Not known,,105,2,
437,"{""icon"": ""c000000""}",base,199-1,1,present,,106,1,
438,"{""icon"": ""c990099""}",base,199-0,0,absent,,106,0,
439,"{""icon"": ""ccccccc""}",base,199-N/A,N/A,Not Applicable,,106,3,
440,"{""icon"": ""cff66ff""}",base,199-?,?,Not known,,106,2,
441,"{""icon"": ""c000000""}",base,2-1,1,present,,107,1,
442,"{""icon"": ""c9999ff""}",base,2-0,0,absent,,107,0,
443,"{""icon"": ""cff4400""}",base,2-?,?,Not known,,107,2,
444,"{""icon"": ""c000000""}",base,20-1,1,present,,108,1,
445,"{""icon"": ""c990099""}",base,20-0,0,absent,,108,0,
446,"{""icon"": ""ccccccc""}",base,20-N/A,N/A,Not Applicable,,108,3,
447,"{""icon"": ""cff66ff""}",base,20-?,?,Not known,,108,2,
448,"{""icon"": ""c000000""}",base,200-1,1,present,,109,1,
449,"{""icon"": ""c990099""}",base,200-0,0,absent,,109,0,
450,"{""icon"": ""ccccccc""}",base,200-N/A,N/A,Not Applicable,,109,3,
451,"{""icon"": ""cff66ff""}",base,200-?,?,Not known,,109,2,
452,"{""icon"": ""c000000""}",base,202-1,1,present,,110,1,
453,"{""icon"": ""c990099""}",base,202-0,0,absent,,110,0,
454,"{""icon"": ""ccccccc""}",base,202-N/A,N/A,Not Applicable,,110,3,
455,"{""icon"": ""cff66ff""}",base,202-?,?,Not known,,110,2,
456,"{""icon"": ""c000000""}",base,203-1,1,Dem-N,,111,0,
457,"{""icon"": ""c66ff33""}",base,203-3,3,both,,111,2,
458,"{""icon"": ""c99ffff""}",base,203-2,2,N-Dem,,111,1,
459,"{""icon"": ""cdd0000""}",base,203-N/A,N/A,Not Applicable,,111,4,
460,"{""icon"": ""cff66ff""}",base,203-?,?,Not known,,111,3,
461,"{""icon"": ""c000000""}",base,204-1,1,present,,112,1,
462,"{""icon"": ""c990099""}",base,204-0,0,absent,,112,0,
463,"{""icon"": ""ccccccc""}",base,204-N/A,N/A,Not Applicable,,112,3,
464,"{""icon"": ""cff66ff""}",base,204-?,?,Not known,,112,2,
465,"{""icon"": ""c000000""}",base,205-1,1,present,,113,1,
466,"{""icon"": ""c990099""}",base,205-0,0,absent,,113,0,
467,"{""icon"": ""ccccccc""}",base,205-N/A,N/A,Not Applicable,,113,3,
468,"{""icon"": ""cff66ff""}",base,205-?,?,Not known,,113,2,
469,"{""icon"": ""c000000""}",base,206-1,1,present,,114,1,
470,"{""icon"": ""c990099""}",base,206-0,0,absent,,114,0,
471,"{""icon"": ""ccccccc""}",base,206-N/A,N/A,Not Applicable,,114,3,
472,"{""icon"": ""cff66ff""}",base,206-?,?,Not known,,114,2,
473,"{""icon"": ""c000000""}",base,207-1,1,present,,115,1,
474,"{""icon"": ""c990099""}",base,207-0,0,absent,,115,0,
475,"{""icon"": ""ccccccc""}",base,207-N/A,N/A,Not Applicable,,115,3,
476,"{""icon"": ""cff66ff""}",base,207-?,?,Not known,,115,2,
477,"{""icon"": ""c000000""}",base,208-1,1,present,,116,1,
478,"{""icon"": ""c990099""}",base,208-0,0,absent,,116,0,
479,"{""icon"": ""ccccccc""}",base,208-N/A,N/A,Not Applicable,,116,3,
480,"{""icon"": ""cff66ff""}",base,208-?,?,Not known,,116,2,
481,"{""icon"": ""c000000""}",base,209-1,1,present,,117,1,
482,"{""icon"": ""c990099""}",base,209-0,0,absent,,117,0,
483,"{""icon"": ""ccccccc""}",base,209-N/A,N/A,Not Applicable,,117,3,
484,"{""icon"": ""cff66ff""}",base,209-?,?,Not known,,117,2,
485,"{""icon"": ""c000000""}",base,21-1,1,present,,118,1,
486,"{""icon"": ""c990099""}",base,21-0,0,absent,,118,0,
487,"{""icon"": ""ccccccc""}",base,21-N/A,N/A,Not Applicable,,118,3,
488,"{""icon"": ""cff66ff""}",base,21-?,?,Not known,,118,2,
489,"{""icon"": ""c000000""}",base,210-1,1,present,,119,1,
490,"{""icon"": ""c990099""}",base,210-0,0,absent,,119,0,
491,"{""icon"": ""ccccccc""}",base,210-N/A,N/A,Not Applicable,,119,3,
492,"{""icon"": ""cff66ff""}",base,210-?,?,Not known,,119,2,
493,"{""icon"": ""c000000""}",base,211-1,1,present,,120,1,
494,"{""icon"": ""c990099""}",base,211-0,0,absent,,120,0,
495,"{""icon"": ""ccccccc""}",base,211-N/A,N/A,Not Applicable,,120,3,
496,"{""icon"": ""cff66ff""}",base,211-?,?,Not known,,120,2,
497,"{""icon"": ""c000000""}",base,212-1,1,present,,121,1,
498,"{""icon"": ""c990099""}",base,212-0,0,absent,,121,0,
499,"{""icon"": ""ccccccc""}",base,212-N/A,N/A,Not Applicable,,121,3,
500,"{""icon"": ""cff66ff""}",base,212-?,?,Not known,,121,2,
501,"{""icon"": ""c000000""}",base,213-1,1,present,,122,1,
502,"{""icon"": ""c990099""}",base,213-0,0,absent,,122,0,
503,"{""icon"": ""ccccccc""}",base,213-N/A,N/A,Not Applicable,,122,3,
504,"{""icon"": ""cff66ff""}",base,213-?,?,Not known,,122,2,
505,"{""icon"": ""c000000""}",base,214-1,1,present,,123,1,
506,"{""icon"": ""c990099""}",base,214-0,0,absent,,123,0,
507,"{""icon"": ""ccccccc""}",base,214-N/A,N/A,Not Applicable,,123,3,
508,"{""icon"": ""cff66ff""}",base,214-?,?,Not known,,123,2,
509,"{""icon"": ""c000000""}",base,215-1,1,present,,124,1,
510,"{""icon"": ""c990099""}",base,215-0,0,absent,,124,0,
511,"{""icon"": ""ccccccc""}",base,215-N/A,N/A,Not Applicable,,124,3,
512,"{""icon"": ""cff66ff""}",base,215-?,?,Not known,,124,2,
513,"{""icon"": ""c000000""}",base,216-1,1,present,,125,1,
514,"{""icon"": ""c990099""}",base,216-0,0,absent,,125,0,
515,"{""icon"": ""ccccccc""}",base,216-N/A,N/A,Not Applicable,,125,3,
516,"{""icon"": ""cff66ff""}",base,216-?,?,Not known,,125,2,
517,"{""icon"": ""c000000""}",base,217-1,1,present,,126,1,
518,"{""icon"": ""c990099""}",base,217-0,0,absent,,126,0,
519,"{""icon"": ""ccccccc""}",base,217-N/A,N/A,Not Applicable,,126,3,
520,"{""icon"": ""cff66ff""}",base,217-?,?,Not known,,126,2,
521,"{""icon"": ""c000000""}",base,218-1,1,present,,127,1,
522,"{""icon"": ""c990099""}",base,218-0,0,absent,,127,0,
523,"{""icon"": ""ccccccc""}",base,218-N/A,N/A,Not Applicable,,127,3,
524,"{""icon"": ""cff66ff""}",base,218-?,?,Not known,,127,2,
525,"{""icon"": ""c000000""}",base,219-1,1,present,,128,1,
526,"{""icon"": ""c990099""}",base,219-0,0,absent,,128,0,
527,"{""icon"": ""ccccccc""}",base,219-N/A,N/A,Not Applicable,,128,3,
528,"{""icon"": ""cff66ff""}",base,219-?,?,Not known,,128,2,
529,"{""icon"": ""c000000""}",base,22-1,1,present,,129,1,
530,"{""icon"": ""c990099""}",base,22-0,0,absent,,129,0,
531,"{""icon"": ""ccccccc""}",base,22-N/A,N/A,Not Applicable,,129,3,
532,"{""icon"": ""cff66ff""}",base,22-?,?,Not known,,129,2,
533,"{""icon"": ""c000000""}",base,220-1,1,present,,130,1,
534,"{""icon"": ""c990099""}",base,220-0,0,absent,,130,0,
535,"{""icon"": ""ccccccc""}",base,220-N/A,N/A,Not Applicable,,130,3,
536,"{""icon"": ""cff66ff""}",base,220-?,?,Not known,,130,2,
537,"{""icon"": ""c000000""}",base,221-1,1,present,,131,1,
538,"{""icon"": ""c990099""}",base,221-0,0,absent,,131,0,
539,"{""icon"": ""ccccccc""}",base,221-N/A,N/A,Not Applicable,,131,3,
540,"{""icon"": ""cff66ff""}",base,221-?,?,Not known,,131,2,
541,"{""icon"": ""c000000""}",base,222-1,1,present,,132,1,
542,"{""icon"": ""c990099""}",base,222-0,0,absent,,132,0,
543,"{""icon"": ""ccccccc""}",base,222-N/A,N/A,Not Applicable,,132,3,
544,"{""icon"": ""cff66ff""}",base,222-?,?,Not known,,132,2,
545,"{""icon"": ""c000000""}",base,223-1,1,present,,133,1,
546,"{""icon"": ""c990099""}",base,223-0,0,absent,,133,0,
547,"{""icon"": ""ccccccc""}",base,223-N/A,N/A,Not Applicable,,133,3,
548,"{""icon"": ""cff66ff""}",base,223-?,?,Not known,,133,2,
549,"{""icon"": ""c000000""}",base,224-1,1,present,,134,1,
550,"{""icon"": ""c990099""}",base,224-0,0,absent,,134,0,
551,"{""icon"": ""ccccccc""}",base,224-N/A,N/A,Not Applicable,,134,3,
552,"{""icon"": ""cff66ff""}",base,224-?,?,Not known,,134,2,
553,"{""icon"": ""c000000""}",base,225-1,1,present,,135,1,
554,"{""icon"": ""c990099""}",base,225-0,0,absent,,135,0,
555,"{""icon"": ""ccccccc""}",base,225-N/A,N/A,Not Applicable,,135,3,
556,"{""icon"": ""cff66ff""}",base,225-?,?,Not known,,135,2,
557,"{""icon"": ""c000000""}",base,226-1,1,present,,136,1,
558,"{""icon"": ""c990099""}",base,226-0,0,absent,,136,0,
559,"{""icon"": ""ccccccc""}",base,226-N/A,N/A,Not Applicable,,136,3,
560,"{""icon"": ""cff66ff""}",base,226-?,?,Not known,,136,2,
561,"{""icon"": ""c000000""}",base,227-1,1,present,,137,1,
562,"{""icon"": ""c990099""}",base,227-0,0,absent,,137,0,
563,"{""icon"": ""ccccccc""}",base,227-N/A,N/A,Not Applicable,,137,3,
564,"{""icon"": ""cff66ff""}",base,227-?,?,Not known,,137,2,
565,"{""icon"": ""c000000""}",base,228-1,1,present,,138,1,
566,"{""icon"": ""c990099""}",base,228-0,0,absent,,138,0,
567,"{""icon"": ""ccccccc""}",base,228-N/A,N/A,Not Applicable,,138,3,
568,"{""icon"": ""cff66ff""}",base,228-?,?,Not known,,138,2,
569,"{""icon"": ""c000000""}",base,229-1,1,present,,139,1,
570,"{""icon"": ""c990099""}",base,229-0,0,absent,,139,0,
571,"{""icon"": ""ccccccc""}",base,229-N/A,N/A,Not Applicable,,139,3,
572,"{""icon"": ""cff66ff""}",base,229-?,?,Not known,,139,2,
573,"{""icon"": ""c000000""}",base,23-1,1,present,,140,1,
574,"{""icon"": ""c990099""}",base,23-0,0,absent,,140,0,
575,"{""icon"": ""ccccccc""}",base,23-N/A,N/A,Not Applicable,,140,3,
576,"{""icon"": ""cff66ff""}",base,23-?,?,Not known,,140,2,
577,"{""icon"": ""c000000""}",base,230-1,1,present,,141,1,
578,"{""icon"": ""c990099""}",base,230-0,0,absent,,141,0,
579,"{""icon"": ""ccccccc""}",base,230-N/A,N/A,Not Applicable,,141,3,
580,"{""icon"": ""cff66ff""}",base,230-?,?,Not known,,141,2,
581,"{""icon"": ""c000000""}",base,231-1,1,present,,142,1,
582,"{""icon"": ""c990099""}",base,231-0,0,absent,,142,0,
583,"{""icon"": ""ccccccc""}",base,231-N/A,N/A,Not Applicable,,142,3,
584,"{""icon"": ""cff66ff""}",base,231-?,?,Not known,,142,2,
585,"{""icon"": ""c000000""}",base,232-1,1,present,,143,1,
586,"{""icon"": ""c990099""}",base,232-0,0,absent,,143,0,
587,"{""icon"": ""ccccccc""}",base,232-N/A,N/A,Not Applicable,,143,3,
588,"{""icon"": ""cff66ff""}",base,232-?,?,Not known,,143,2,
589,"{""icon"": ""c000000""}",base,234-1,1,present,,144,1,
590,"{""icon"": ""c990099""}",base,234-0,0,absent,,144,0,
591,"{""icon"": ""ccccccc""}",base,234-N/A,N/A,Not Applicable,,144,3,
592,"{""icon"": ""cff66ff""}",base,234-?,?,Not known,,144,2,
593,"{""icon"": ""c000000""}",base,235-1,1,present,,145,1,
594,"{""icon"": ""c990099""}",base,235-0,0,absent,,145,0,
595,"{""icon"": ""ccccccc""}",base,235-N/A,N/A,Not Applicable,,145,3,
596,"{""icon"": ""cff66ff""}",base,235-?,?,Not known,,145,2,
597,"{""icon"": ""c000000""}",base,236-1,1,present,,146,1,
598,"{""icon"": ""c990099""}",base,236-0,0,absent,,146,0,
599,"{""icon"": ""ccccccc""}",base,236-N/A,N/A,Not Applicable,,146,3,
600,"{""icon"": ""cff66ff""}",base,236-?,?,Not known,,146,2,
601,"{""icon"": ""c000000""}",base,237-1,1,present,,147,1,
602,"{""icon"": ""c990099""}",base,237-0,0,absent,,147,0,
603,"{""icon"": ""ccccccc""}",base,237-N/A,N/A,Not Applicable,,147,3,
604,"{""icon"": ""cff66ff""}",base,237-?,?,Not known,,147,2,
605,"{""icon"": ""c000000""}",base,238-1,1,present,,148,1,
606,"{""icon"": ""c990099""}",base,238-0,0,absent,,148,0,
607,"{""icon"": ""ccccccc""}",base,238-N/A,N/A,Not Applicable,,148,3,
608,"{""icon"": ""cff66ff""}",base,238-?,?,Not known,,148,2,
609,"{""icon"": ""c000000""}",base,239-1,1,present,,149,1,
610,"{""icon"": ""c990099""}",base,239-0,0,absent,,149,0,
611,"{""icon"": ""ccccccc""}",base,239-N/A,N/A,Not Applicable,,149,3,
612,"{""icon"": ""cff66ff""}",base,239-?,?,Not known,,149,2,
613,"{""icon"": ""c000000""}",base,24-1,1,Num-N,,150,0,
614,"{""icon"": ""c66ff33""}",base,24-3,3,both,,150,2,
615,"{""icon"": ""c99ffff""}",base,24-2,2,N-Num,,150,1,
616,"{""icon"": ""cdd0000""}",base,24-N/A,N/A,Not Applicable,,150,4,
617,"{""icon"": ""cff66ff""}",base,24-?,?,Not known,,150,3,
618,"{""icon"": ""c000000""}",base,240-1,1,present,,151,1,
619,"{""icon"": ""c990099""}",base,240-0,0,absent,,151,0,
620,"{""icon"": ""ccccccc""}",base,240-N/A,N/A,Not Applicable,,151,3,
621,"{""icon"": ""cff66ff""}",base,240-?,?,Not known,,151,2,
622,"{""icon"": ""c000000""}",base,241-1,1,present,,152,1,
623,"{""icon"": ""c990099""}",base,241-0,0,absent,,152,0,
624,"{""icon"": ""ccccccc""}",base,241-N/A,N/A,Not Applicable,,152,3,
625,"{""icon"": ""cff66ff""}",base,241-?,?,Not known,,152,2,
626,"{""icon"": ""c000000""}",base,242-1,1,present,,153,1,
627,"{""icon"": ""c990099""}",base,242-0,0,absent,,153,0,
628,"{""icon"": ""ccccccc""}",base,242-N/A,N/A,Not Applicable,,153,3,
629,"{""icon"": ""cff66ff""}",base,242-?,?,Not known,,153,2,
630,"{""icon"": ""c000000""}",base,243-1,1,present,,154,1,
631,"{""icon"": ""c990099""}",base,243-0,0,absent,,154,0,
632,"{""icon"": ""ccccccc""}",base,243-N/A,N/A,Not Applicable,,154,3,
633,"{""icon"": ""cff66ff""}",base,243-?,?,Not known,,154,2,
634,"{""icon"": ""c000000""}",base,244-1,1,present,,155,1,
635,"{""icon"": ""c990099""}",base,244-0,0,absent,,155,0,
636,"{""icon"": ""ccccccc""}",base,244-N/A,N/A,Not Applicable,,155,3,
637,"{""icon"": ""cff66ff""}",base,244-?,?,Not known,,155,2,
638,"{""icon"": ""c000000""}",base,245-1,1,present,,156,1,
639,"{""icon"": ""c990099""}",base,245-0,0,absent,,156,0,
640,"{""icon"": ""ccccccc""}",base,245-N/A,N/A,Not Applicable,,156,3,
641,"{""icon"": ""cff66ff""}",base,245-?,?,Not known,,156,2,
642,"{""icon"": ""c000000""}",base,246-1,1,present,,157,1,
643,"{""icon"": ""c990099""}",base,246-0,0,absent,,157,0,
644,"{""icon"": ""ccccccc""}",base,246-N/A,N/A,Not Applicable,,157,3,
645,"{""icon"": ""cff66ff""}",base,246-?,?,Not known,,157,2,
646,"{""icon"": ""c000000""}",base,247-1,1,present,,158,1,
647,"{""icon"": ""c990099""}",base,247-0,0,absent,,158,0,
648,"{""icon"": ""ccccccc""}",base,247-N/A,N/A,Not Applicable,,158,3,
649,"{""icon"": ""cff66ff""}",base,247-?,?,Not known,,158,2,
650,"{""icon"": ""c000000""}",base,248-1,1,present,,159,1,
651,"{""icon"": ""c990099""}",base,248-0,0,absent,,159,0,
652,"{""icon"": ""ccccccc""}",base,248-N/A,N/A,Not Applicable,,159,3,
653,"{""icon"": ""cff66ff""}",base,248-?,?,Not known,,159,2,
654,"{""icon"": ""c000000""}",base,249-1,1,present,,160,1,
655,"{""icon"": ""c990099""}",base,249-0,0,absent,,160,0,
656,"{""icon"": ""ccccccc""}",base,249-N/A,N/A,Not Applicable,,160,3,
657,"{""icon"": ""cff66ff""}",base,249-?,?,Not known,,160,2,
658,"{""icon"": ""c000000""}",base,25-1,1,Dem-N,,161,0,
659,"{""icon"": ""c66ff33""}",base,25-3,3,both,,161,2,
660,"{""icon"": ""c99ffff""}",base,25-2,2,N-Dem,,161,1,
661,"{""icon"": ""cdd0000""}",base,25-N/A,N/A,Not Applicable,,161,4,
662,"{""icon"": ""cff66ff""}",base,25-?,?,Not known,,161,3,
663,"{""icon"": ""c000000""}",base,250-1,1,present,,162,1,
664,"{""icon"": ""c990099""}",base,250-0,0,absent,,162,0,
665,"{""icon"": ""ccccccc""}",base,250-N/A,N/A,Not Applicable,,162,3,
666,"{""icon"": ""cff66ff""}",base,250-?,?,Not known,,162,2,
667,"{""icon"": ""c000000""}",base,251-1,1,present,,163,1,
668,"{""icon"": ""c990099""}",base,251-0,0,absent,,163,0,
669,"{""icon"": ""ccccccc""}",base,251-N/A,N/A,Not Applicable,,163,3,
670,"{""icon"": ""cff66ff""}",base,251-?,?,Not known,,163,2,
671,"{""icon"": ""c000000""}",base,252-1,1,present,,164,1,
672,"{""icon"": ""c990099""}",base,252-0,0,absent,,164,0,
673,"{""icon"": ""ccccccc""}",base,252-N/A,N/A,Not Applicable,,164,3,
674,"{""icon"": ""cff66ff""}",base,252-?,?,Not known,,164,2,
675,"{""icon"": ""c000000""}",base,253-1,1,present,,165,1,
676,"{""icon"": ""c990099""}",base,253-0,0,absent,,165,0,
677,"{""icon"": ""ccccccc""}",base,253-N/A,N/A,Not Applicable,,165,3,
678,"{""icon"": ""cff66ff""}",base,253-?,?,Not known,,165,2,
679,"{""icon"": ""c000000""}",base,254-1,1,present,,166,1,
680,"{""icon"": ""c990099""}",base,254-0,0,absent,,166,0,
681,"{""icon"": ""ccccccc""}",base,254-N/A,N/A,Not Applicable,,166,3,
682,"{""icon"": ""cff66ff""}",base,254-?,?,Not known,,166,2,
683,"{""icon"": ""c000000""}",base,255-1,1,present,,167,1,
684,"{""icon"": ""c990099""}",base,255-0,0,absent,,167,0,
685,"{""icon"": ""ccccccc""}",base,255-N/A,N/A,Not Applicable,,167,3,
686,"{""icon"": ""cff66ff""}",base,255-?,?,Not known,,167,2,
687,"{""icon"": ""c000000""}",base,256-1,1,present,,168,1,
688,"{""icon"": ""c990099""}",base,256-0,0,absent,,168,0,
689,"{""icon"": ""ccccccc""}",base,256-N/A,N/A,Not Applicable,,168,3,
690,"{""icon"": ""cff66ff""}",base,256-?,?,Not known,,168,2,
691,"{""icon"": ""c000000""}",base,257-1,1,present,,169,1,
692,"{""icon"": ""c990099""}",base,257-0,0,absent,,169,0,
693,"{""icon"": ""ccccccc""}",base,257-N/A,N/A,Not Applicable,,169,3,
694,"{""icon"": ""cff66ff""}",base,257-?,?,Not known,,169,2,
695,"{""icon"": ""c000000""}",base,258-1,1,present,,170,1,
696,"{""icon"": ""c990099""}",base,258-0,0,absent,,170,0,
697,"{""icon"": ""ccccccc""}",base,258-N/A,N/A,Not Applicable,,170,3,
698,"{""icon"": ""cff66ff""}",base,258-?,?,Not known,,170,2,
699,"{""icon"": ""c000000""}",base,259-1,1,present,,171,1,
700,"{""icon"": ""c990099""}",base,259-0,0,absent,,171,0,
701,"{""icon"": ""ccccccc""}",base,259-N/A,N/A,Not Applicable,,171,3,
702,"{""icon"": ""cff66ff""}",base,259-?,?,Not known,,171,2,
703,"{""icon"": ""c000000""}",base,26-1,1,present,,172,1,
704,"{""icon"": ""c990099""}",base,26-0,0,absent,,172,0,
705,"{""icon"": ""ccccccc""}",base,26-N/A,N/A,Not Applicable,,172,3,
706,"{""icon"": ""cff66ff""}",base,26-?,?,Not known,,172,2,
707,"{""icon"": ""c000000""}",base,260-1,1,present,,173,1,
708,"{""icon"": ""c990099""}",base,260-0,0,absent,,173,0,
709,"{""icon"": ""ccccccc""}",base,260-N/A,N/A,Not Applicable,,173,3,
710,"{""icon"": ""cff66ff""}",base,260-?,?,Not known,,173,2,
711,"{""icon"": ""c000000""}",base,261-1,1,present,,174,1,
712,"{""icon"": ""c990099""}",base,261-0,0,absent,,174,0,
713,"{""icon"": ""ccccccc""}",base,261-N/A,N/A,Not Applicable,,174,3,
714,"{""icon"": ""cff66ff""}",base,261-?,?,Not known,,174,2,
715,"{""icon"": ""c000000""}",base,262-1,1,present,,175,1,
716,"{""icon"": ""c990099""}",base,262-0,0,absent,,175,0,
717,"{""icon"": ""ccccccc""}",base,262-N/A,N/A,Not Applicable,,175,3,
718,"{""icon"": ""cff66ff""}",base,262-?,?,Not known,,175,2,
719,"{""icon"": ""c000000""}",base,263-1,1,present,,176,1,
720,"{""icon"": ""c990099""}",base,263-0,0,absent,,176,0,
721,"{""icon"": ""ccccccc""}",base,263-N/A,N/A,Not Applicable,,176,3,
722,"{""icon"": ""cff66ff""}",base,263-?,?,Not known,,176,2,
723,"{""icon"": ""c000000""}",base,264-1,1,present,,177,1,
724,"{""icon"": ""c990099""}",base,264-0,0,absent,,177,0,
725,"{""icon"": ""ccccccc""}",base,264-N/A,N/A,Not Applicable,,177,3,
726,"{""icon"": ""cff66ff""}",base,264-?,?,Not known,,177,2,
727,"{""icon"": ""c000000""}",base,265-1,1,present,,178,1,
728,"{""icon"": ""c990099""}",base,265-0,0,absent,,178,0,
729,"{""icon"": ""ccccccc""}",base,265-N/A,N/A,Not Applicable,,178,3,
730,"{""icon"": ""cff66ff""}",base,265-?,?,Not known,,178,2,
731,"{""icon"": ""c000000""}",base,266-1,1,present,,179,1,
732,"{""icon"": ""c990099""}",base,266-0,0,absent,,179,0,
733,"{""icon"": ""ccccccc""}",base,266-N/A,N/A,Not Applicable,,179,3,
734,"{""icon"": ""cff66ff""}",base,266-?,?,Not known,,179,2,
735,"{""icon"": ""c000000""}",base,267-1,1,present,,180,1,
736,"{""icon"": ""c990099""}",base,267-0,0,absent,,180,0,
737,"{""icon"": ""ccccccc""}",base,267-N/A,N/A,Not Applicable,,180,3,
738,"{""icon"": ""cff66ff""}",base,267-?,?,Not known,,180,2,
739,"{""icon"": ""c000000""}",base,268-1,1,present,,181,1,
740,"{""icon"": ""c990099""}",base,268-0,0,absent,,181,0,
741,"{""icon"": ""ccccccc""}",base,268-N/A,N/A,Not Applicable,,181,3,
742,"{""icon"": ""cff66ff""}",base,268-?,?,Not known,,181,2,
743,"{""icon"": ""c000000""}",base,269-1,1,present,,182,1,
744,"{""icon"": ""c990099""}",base,269-0,0,absent,,182,0,
745,"{""icon"": ""ccccccc""}",base,269-N/A,N/A,Not Applicable,,182,3,
746,"{""icon"": ""cff66ff""}",base,269-?,?,Not known,,182,2,
747,"{""icon"": ""c000000""}",base,27-1,1,present,,183,1,
748,"{""icon"": ""c990099""}",base,27-0,0,absent,,183,0,
749,"{""icon"": ""ccccccc""}",base,27-N/A,N/A,Not Applicable,,183,3,
750,"{""icon"": ""cff66ff""}",base,27-?,?,Not known,,183,2,
751,"{""icon"": ""c000000""}",base,270-1,1,present,,184,1,
752,"{""icon"": ""c990099""}",base,270-0,0,absent,,184,0,
753,"{""icon"": ""ccccccc""}",base,270-N/A,N/A,Not Applicable,,184,3,
754,"{""icon"": ""cff66ff""}",base,270-?,?,Not known,,184,2,
755,"{""icon"": ""c000000""}",base,271-1,1,present,,185,1,
756,"{""icon"": ""c990099""}",base,271-0,0,absent,,185,0,
757,"{""icon"": ""ccccccc""}",base,271-N/A,N/A,Not Applicable,,185,3,
758,"{""icon"": ""cff66ff""}",base,271-?,?,Not known,,185,2,
759,"{""icon"": ""c000000""}",base,272-1,1,present,,186,1,
760,"{""icon"": ""c990099""}",base,272-0,0,absent,,186,0,
761,"{""icon"": ""ccccccc""}",base,272-N/A,N/A,Not Applicable,,186,3,
762,"{""icon"": ""cff66ff""}",base,272-?,?,Not known,,186,2,
763,"{""icon"": ""c000000""}",base,273-1,1,present,,187,1,
764,"{""icon"": ""c990099""}",base,273-0,0,absent,,187,0,
765,"{""icon"": ""ccccccc""}",base,273-N/A,N/A,Not Applicable,,187,3,
766,"{""icon"": ""cff66ff""}",base,273-?,?,Not known,,187,2,
767,"{""icon"": ""c000000""}",base,274-1,1,present,,188,1,
768,"{""icon"": ""c990099""}",base,274-0,0,absent,,188,0,
769,"{""icon"": ""ccccccc""}",base,274-N/A,N/A,Not Applicable,,188,3,
770,"{""icon"": ""cff66ff""}",base,274-?,?,Not known,,188,2,
771,"{""icon"": ""c000000""}",base,275-1,1,present,,189,1,
772,"{""icon"": ""c990099""}",base,275-0,0,absent,,189,0,
773,"{""icon"": ""ccccccc""}",base,275-N/A,N/A,Not Applicable,,189,3,
774,"{""icon"": ""cff66ff""}",base,275-?,?,Not known,,189,2,
775,"{""icon"": ""c000000""}",base,276-1,1,present,,190,1,
776,"{""icon"": ""c990099""}",base,276-0,0,absent,,190,0,
777,"{""icon"": ""ccccccc""}",base,276-N/A,N/A,Not Applicable,,190,3,
778,"{""icon"": ""cff66ff""}",base,276-?,?,Not known,,190,2,
779,"{""icon"": ""c000000""}",base,277-1,1,present,,191,1,
780,"{""icon"": ""c990099""}",base,277-0,0,absent,,191,0,
781,"{""icon"": ""ccccccc""}",base,277-N/A,N/A,Not Applicable,,191,3,
782,"{""icon"": ""cff66ff""}",base,277-?,?,Not known,,191,2,
783,"{""icon"": ""c000000""}",base,278-1,1,present,,192,1,
784,"{""icon"": ""c990099""}",base,278-0,0,absent,,192,0,
785,"{""icon"": ""ccccccc""}",base,278-N/A,N/A,Not Applicable,,192,3,
786,"{""icon"": ""cff66ff""}",base,278-?,?,Not known,,192,2,
787,"{""icon"": ""c000000""}",base,279-1,1,present,,193,1,
788,"{""icon"": ""c990099""}",base,279-0,0,absent,,193,0,
789,"{""icon"": ""ccccccc""}",base,279-N/A,N/A,Not Applicable,,193,3,
790,"{""icon"": ""cff66ff""}",base,279-?,?,Not known,,193,2,
791,"{""icon"": ""c000000""}",base,28-1,1,present,,194,1,
792,"{""icon"": ""c990099""}",base,28-0,0,absent,,194,0,
793,"{""icon"": ""ccccccc""}",base,28-N/A,N/A,Not Applicable,,194,3,
794,"{""icon"": ""cff66ff""}",base,28-?,?,Not known,,194,2,
795,"{""icon"": ""c000000""}",base,280-1,1,present,,195,1,
796,"{""icon"": ""c990099""}",base,280-0,0,absent,,195,0,
797,"{""icon"": ""ccccccc""}",base,280-N/A,N/A,Not Applicable,,195,3,
798,"{""icon"": ""cff66ff""}",base,280-?,?,Not known,,195,2,
799,"{""icon"": ""c000000""}",base,281-1,1,present,,196,1,
800,"{""icon"": ""c990099""}",base,281-0,0,absent,,196,0,
801,"{""icon"": ""ccccccc""}",base,281-N/A,N/A,Not Applicable,,196,3,
802,"{""icon"": ""cff66ff""}",base,281-?,?,Not known,,196,2,
803,"{""icon"": ""c000000""}",base,282-1,1,present,,197,1,
804,"{""icon"": ""c990099""}",base,282-0,0,absent,,197,0,
805,"{""icon"": ""ccccccc""}",base,282-N/A,N/A,Not Applicable,,197,3,
806,"{""icon"": ""cff66ff""}",base,282-?,?,Not known,,197,2,
807,"{""icon"": ""c000000""}",base,283-1,1,present,,198,1,
808,"{""icon"": ""c990099""}",base,283-0,0,absent,,198,0,
809,"{""icon"": ""ccccccc""}",base,283-N/A,N/A,Not Applicable,,198,3,
810,"{""icon"": ""cff66ff""}",base,283-?,?,Not known,,198,2,
811,"{""icon"": ""c000000""}",base,284-1,1,present,,199,1,
812,"{""icon"": ""c990099""}",base,284-0,0,absent,,199,0,
813,"{""icon"": ""ccccccc""}",base,284-N/A,N/A,Not Applicable,,199,3,
814,"{""icon"": ""cff66ff""}",base,284-?,?,Not known,,199,2,
815,"{""icon"": ""c000000""}",base,285-1,1,present,,200,1,
816,"{""icon"": ""c990099""}",base,285-0,0,absent,,200,0,
817,"{""icon"": ""ccccccc""}",base,285-N/A,N/A,Not Applicable,,200,3,
818,"{""icon"": ""cff66ff""}",base,285-?,?,Not known,,200,2,
819,"{""icon"": ""c000000""}",base,286-1,1,present,,201,1,
820,"{""icon"": ""c990099""}",base,286-0,0,absent,,201,0,
821,"{""icon"": ""ccccccc""}",base,286-N/A,N/A,Not Applicable,,201,3,
822,"{""icon"": ""cff66ff""}",base,286-?,?,Not known,,201,2,
823,"{""icon"": ""c000000""}",base,287-1,1,present,,202,1,
824,"{""icon"": ""c990099""}",base,287-0,0,absent,,202,0,
825,"{""icon"": ""ccccccc""}",base,287-N/A,N/A,Not Applicable,,202,3,
826,"{""icon"": ""cff66ff""}",base,287-?,?,Not known,,202,2,
827,"{""icon"": ""c000000""}",base,288-1,1,present,,203,1,
828,"{""icon"": ""c990099""}",base,288-0,0,absent,,203,0,
829,"{""icon"": ""ccccccc""}",base,288-N/A,N/A,Not Applicable,,203,3,
830,"{""icon"": ""cff66ff""}",base,288-?,?,Not known,,203,2,
831,"{""icon"": ""c000000""}",base,289-1,1,present,,204,1,
832,"{""icon"": ""c990099""}",base,289-0,0,absent,,204,0,
833,"{""icon"": ""ccccccc""}",base,289-N/A,N/A,Not Applicable,,204,3,
834,"{""icon"": ""cff66ff""}",base,289-?,?,Not known,,204,2,
835,"{""icon"": ""c000000""}",base,29-1,1,present,,205,1,
836,"{""icon"": ""c990099""}",base,29-0,0,absent,,205,0,
837,"{""icon"": ""ccccccc""}",base,29-N/A,N/A,Not Applicable,,205,3,
838,"{""icon"": ""cff66ff""}",base,29-?,?,Not known,,205,2,
839,"{""icon"": ""c000000""}",base,290-1,1,present,,206,1,
840,"{""icon"": ""c990099""}",base,290-0,0,absent,,206,0,
841,"{""icon"": ""ccccccc""}",base,290-N/A,N/A,Not Applicable,,206,3,
842,"{""icon"": ""cff66ff""}",base,290-?,?,Not known,,206,2,
843,"{""icon"": ""c000000""}",base,291-1,1,present,,207,1,
844,"{""icon"": ""c990099""}",base,291-0,0,absent,,207,0,
845,"{""icon"": ""ccccccc""}",base,291-N/A,N/A,Not Applicable,,207,3,
846,"{""icon"": ""cff66ff""}",base,291-?,?,Not known,,207,2,
847,"{""icon"": ""c000000""}",base,292-1,1,present,,208,1,
848,"{""icon"": ""c990099""}",base,292-0,0,absent,,208,0,
849,"{""icon"": ""ccccccc""}",base,292-N/A,N/A,Not Applicable,,208,3,
850,"{""icon"": ""cff66ff""}",base,292-?,?,Not known,,208,2,
851,"{""icon"": ""c000000""}",base,293-1,1,present,,209,1,
852,"{""icon"": ""c990099""}",base,293-0,0,absent,,209,0,
853,"{""icon"": ""ccccccc""}",base,293-N/A,N/A,Not Applicable,,209,3,
854,"{""icon"": ""cff66ff""}",base,293-?,?,Not known,,209,2,
855,"{""icon"": ""c000000""}",base,294-1,1,present,,210,1,
856,"{""icon"": ""c990099""}",base,294-0,0,absent,,210,0,
857,"{""icon"": ""ccccccc""}",base,294-N/A,N/A,Not Applicable,,210,3,
858,"{""icon"": ""cff66ff""}",base,294-?,?,Not known,,210,2,
859,"{""icon"": ""c000000""}",base,295-1,1,present,,211,1,
860,"{""icon"": ""c990099""}",base,295-0,0,absent,,211,0,
861,"{""icon"": ""ccccccc""}",base,295-N/A,N/A,Not Applicable,,211,3,
862,"{""icon"": ""cff66ff""}",base,295-?,?,Not known,,211,2,
863,"{""icon"": ""c000000""}",base,296-1,1,present,,212,1,
864,"{""icon"": ""c990099""}",base,296-0,0,absent,,212,0,
865,"{""icon"": ""ccccccc""}",base,296-N/A,N/A,Not Applicable,,212,3,
866,"{""icon"": ""cff66ff""}",base,296-?,?,Not known,,212,2,
867,"{""icon"": ""c000000""}",base,297-1,1,present,,213,1,
868,"{""icon"": ""c990099""}",base,297-0,0,absent,,213,0,
869,"{""icon"": ""ccccccc""}",base,297-N/A,N/A,Not Applicable,,213,3,
870,"{""icon"": ""cff66ff""}",base,297-?,?,Not known,,213,2,
871,"{""icon"": ""c000000""}",base,3-1,1,present,,214,1,
872,"{""icon"": ""c9999ff""}",base,3-0,0,absent,,214,0,
873,"{""icon"": ""cff4400""}",base,3-?,?,Not known,,214,2,
874,"{""icon"": ""c000000""}",base,30-1,1,present,,215,1,
875,"{""icon"": ""c990099""}",base,30-0,0,absent,,215,0,
876,"{""icon"": ""ccccccc""}",base,30-N/A,N/A,Not Applicable,,215,3,
877,"{""icon"": ""cff66ff""}",base,30-?,?,Not known,,215,2,
878,"{""icon"": ""c000000""}",base,31-1,1,present,,216,1,
879,"{""icon"": ""c990099""}",base,31-0,0,absent,,216,0,
880,"{""icon"": ""ccccccc""}",base,31-N/A,N/A,Not Applicable,,216,3,
881,"{""icon"": ""cff66ff""}",base,31-?,?,Not known,,216,2,
882,"{""icon"": ""c000000""}",base,32-1,1,present,,217,1,
883,"{""icon"": ""c990099""}",base,32-0,0,absent,,217,0,
884,"{""icon"": ""ccccccc""}",base,32-N/A,N/A,Not Applicable,,217,3,
885,"{""icon"": ""cff66ff""}",base,32-?,?,Not known,,217,2,
886,"{""icon"": ""c000000""}",base,33-1,1,present,,218,1,
887,"{""icon"": ""c990099""}",base,33-0,0,absent,,218,0,
888,"{""icon"": ""ccccccc""}",base,33-N/A,N/A,Not Applicable,,218,3,
889,"{""icon"": ""cff66ff""}",base,33-?,?,Not known,,218,2,
890,"{""icon"": ""c000000""}",base,34-1,1,present,,219,1,
891,"{""icon"": ""c990099""}",base,34-0,0,absent,,219,0,
892,"{""icon"": ""ccccccc""}",base,34-N/A,N/A,Not Applicable,,219,3,
893,"{""icon"": ""cff66ff""}",base,34-?,?,Not known,,219,2,
894,"{""icon"": ""c000000""}",base,35-1,1,present,,220,1,
895,"{""icon"": ""c990099""}",base,35-0,0,absent,,220,0,
896,"{""icon"": ""ccccccc""}",base,35-N/A,N/A,Not Applicable,,220,3,
897,"{""icon"": ""cff66ff""}",base,35-?,?,Not known,,220,2,
898,"{""icon"": ""c000000""}",base,36-1,1,present,,221,1,
899,"{""icon"": ""c990099""}",base,36-0,0,absent,,221,0,
900,"{""icon"": ""ccccccc""}",base,36-N/A,N/A,Not Applicable,,221,3,
901,"{""icon"": ""cff66ff""}",base,36-?,?,Not known,,221,2,
902,"{""icon"": ""c000000""}",base,37-1,1,present,,222,1,
903,"{""icon"": ""c990099""}",base,37-0,0,absent,,222,0,
904,"{""icon"": ""ccccccc""}",base,37-N/A,N/A,Not Applicable,,222,3,
905,"{""icon"": ""cff66ff""}",base,37-?,?,Not known,,222,2,
906,"{""icon"": ""c000000""}",base,38-1,1,present,,223,1,
907,"{""icon"": ""c990099""}",base,38-0,0,absent,,223,0,
908,"{""icon"": ""ccccccc""}",base,38-N/A,N/A,Not Applicable,,223,3,
909,"{""icon"": ""cff66ff""}",base,38-?,?,Not known,,223,2,
910,"{""icon"": ""c000000""}",base,39-1,1,present,,224,1,
911,"{""icon"": ""c990099""}",base,39-0,0,absent,,224,0,
912,"{""icon"": ""ccccccc""}",base,39-N/A,N/A,Not Applicable,,224,3,
913,"{""icon"": ""cff66ff""}",base,39-?,?,Not known,,224,2,
914,"{""icon"": ""c000000""}",base,4-1,1,present,,225,1,
915,"{""icon"": ""c9999ff""}",base,4-0,0,absent,,225,0,
916,"{""icon"": ""cff4400""}",base,4-?,?,Not known,,225,2,
917,"{""icon"": ""c000000""}",base,40-1,1,present,,226,1,
918,"{""icon"": ""c990099""}",base,40-0,0,absent,,226,0,
919,"{""icon"": ""ccccccc""}",base,40-N/A,N/A,Not Applicable,,226,3,
920,"{""icon"": ""cff66ff""}",base,40-?,?,Not known,,226,2,
921,"{""icon"": ""c000000""}",base,41-1,1,present,,227,1,
922,"{""icon"": ""c990099""}",base,41-0,0,absent,,227,0,
923,"{""icon"": ""ccccccc""}",base,41-N/A,N/A,Not Applicable,,227,3,
924,"{""icon"": ""cff66ff""}",base,41-?,?,Not known,,227,2,
925,"{""icon"": ""c000000""}",base,42-1,1,present,,228,1,
926,"{""icon"": ""c990099""}",base,42-0,0,absent,,228,0,
927,"{""icon"": ""ccccccc""}",base,42-N/A,N/A,Not Applicable,,228,3,
928,"{""icon"": ""cff66ff""}",base,42-?,?,Not known,,228,2,
929,"{""icon"": ""c000000""}",base,43-1,1,present,,229,1,
930,"{""icon"": ""c990099""}",base,43-0,0,absent,,229,0,
931,"{""icon"": ""ccccccc""}",base,43-N/A,N/A,Not Applicable,,229,3,
932,"{""icon"": ""cff66ff""}",base,43-?,?,Not known,,229,2,
933,"{""icon"": ""c000000""}",base,44-1,1,present,,230,1,
934,"{""icon"": ""c990099""}",base,44-0,0,absent,,230,0,
935,"{""icon"": ""ccccccc""}",base,44-N/A,N/A,Not Applicable,,230,3,
936,"{""icon"": ""cff66ff""}",base,44-?,?,Not known,,230,2,
937,"{""icon"": ""c000000""}",base,45-1,1,present,,231,1,
938,"{""icon"": ""c990099""}",base,45-0,0,absent,,231,0,
939,"{""icon"": ""ccccccc""}",base,45-N/A,N/A,Not Applicable,,231,3,
940,"{""icon"": ""cff66ff""}",base,45-?,?,Not known,,231,2,
941,"{""icon"": ""c000000""}",base,46-1,1,present,,232,1,
942,"{""icon"": ""c990099""}",base,46-0,0,absent,,232,0,
943,"{""icon"": ""ccccccc""}",base,46-N/A,N/A,Not Applicable,,232,3,
944,"{""icon"": ""cff66ff""}",base,46-?,?,Not known,,232,2,
945,"{""icon"": ""c000000""}",base,47-1,1,present,,233,1,
946,"{""icon"": ""c990099""}",base,47-0,0,absent,,233,0,
947,"{""icon"": ""ccccccc""}",base,47-N/A,N/A,Not Applicable,,233,3,
948,"{""icon"": ""cff66ff""}",base,47-?,?,Not known,,233,2,
949,"{""icon"": ""c000000""}",base,48-1,1,present,,234,1,
950,"{""icon"": ""c990099""}",base,48-0,0,absent,,234,0,
951,"{""icon"": ""ccccccc""}",base,48-N/A,N/A,Not Applicable,,234,3,
952,"{""icon"": ""cff66ff""}",base,48-?,?,Not known,,234,2,
953,"{""icon"": ""c000000""}",base,49-1,1,present,,235,1,
954,"{""icon"": ""c990099""}",base,49-0,0,absent,,235,0,
955,"{""icon"": ""ccccccc""}",base,49-N/A,N/A,Not Applicable,,235,3,
956,"{""icon"": ""cff66ff""}",base,49-?,?,Not known,,235,2,
957,"{""icon"": ""c000000""}",base,5-1,1,present,,236,1,
958,"{""icon"": ""c9999ff""}",base,5-0,0,absent,,236,0,
959,"{""icon"": ""cff4400""}",base,5-?,?,Not known,,236,2,
960,"{""icon"": ""c000000""}",base,50-1,1,present,,237,1,
961,"{""icon"": ""c990099""}",base,50-0,0,absent,,237,0,
962,"{""icon"": ""ccccccc""}",base,50-N/A,N/A,Not Applicable,,237,3,
963,"{""icon"": ""cff66ff""}",base,50-?,?,Not known,,237,2,
964,"{""icon"": ""c000000""}",base,51-1,1,present,,238,1,
965,"{""icon"": ""c990099""}",base,51-0,0,absent,,238,0,
966,"{""icon"": ""ccccccc""}",base,51-N/A,N/A,Not Applicable,,238,3,
967,"{""icon"": ""cff66ff""}",base,51-?,?,Not known,,238,2,
968,"{""icon"": ""c000000""}",base,52-1,1,present,,239,1,
969,"{""icon"": ""c990099""}",base,52-0,0,absent,,239,0,
970,"{""icon"": ""ccccccc""}",base,52-N/A,N/A,Not Applicable,,239,3,
971,"{""icon"": ""cff66ff""}",base,52-?,?,Not known,,239,2,
972,"{""icon"": ""c000000""}",base,53-1,1,present,,240,1,
973,"{""icon"": ""c990099""}",base,53-0,0,absent,,240,0,
974,"{""icon"": ""ccccccc""}",base,53-N/A,N/A,Not Applicable,,240,3,
975,"{""icon"": ""cff66ff""}",base,53-?,?,Not known,,240,2,
976,"{""icon"": ""c000000""}",base,54-1,1,present,,241,1,
977,"{""icon"": ""c990099""}",base,54-0,0,absent,,241,0,
978,"{""icon"": ""ccccccc""}",base,54-N/A,N/A,Not Applicable,,241,3,
979,"{""icon"": ""cff66ff""}",base,54-?,?,Not known,,241,2,
980,"{""icon"": ""c000000""}",base,55-1,1,present,,242,1,
981,"{""icon"": ""c990099""}",base,55-0,0,absent,,242,0,
982,"{""icon"": ""ccccccc""}",base,55-N/A,N/A,Not Applicable,,242,3,
983,"{""icon"": ""cff66ff""}",base,55-?,?,Not known,,242,2,
984,"{""icon"": ""c000000""}",base,56-1,1,present,,243,1,
985,"{""icon"": ""c990099""}",base,56-0,0,absent,,243,0,
986,"{""icon"": ""ccccccc""}",base,56-N/A,N/A,Not Applicable,,243,3,
987,"{""icon"": ""cff66ff""}",base,56-?,?,Not known,,243,2,
988,"{""icon"": ""c000000""}",base,57-1,1,present,,244,1,
989,"{""icon"": ""c990099""}",base,57-0,0,absent,,244,0,
990,"{""icon"": ""ccccccc""}",base,57-N/A,N/A,Not Applicable,,244,3,
991,"{""icon"": ""cff66ff""}",base,57-?,?,Not known,,244,2,
992,"{""icon"": ""c000000""}",base,58-1,1,present,,245,1,
993,"{""icon"": ""c990099""}",base,58-0,0,absent,,245,0,
994,"{""icon"": ""ccccccc""}",base,58-N/A,N/A,Not Applicable,,245,3,
995,"{""icon"": ""cff66ff""}",base,58-?,?,Not known,,245,2,
996,"{""icon"": ""c000000""}",base,59-1,1,present,,246,1,
997,"{""icon"": ""c990099""}",base,59-0,0,absent,,246,0,
998,"{""icon"": ""ccccccc""}",base,59-N/A,N/A,Not Applicable,,246,3,
999,"{""icon"": ""cff66ff""}",base,59-?,?,Not known,,246,2,
1000,"{""icon"": ""c000000""}",base,6-1,1,present,,247,1,
1001,"{""icon"": ""c9999ff""}",base,6-0,0,absent,,247,0,
1002,"{""icon"": ""cff4400""}",base,6-?,?,Not known,,247,2,
1003,"{""icon"": ""c000000""}",base,60-1,1,present,,248,1,
1004,"{""icon"": ""c990099""}",base,60-0,0,absent,,248,0,
1005,"{""icon"": ""ccccccc""}",base,60-N/A,N/A,Not Applicable,,248,3,
1006,"{""icon"": ""cff66ff""}",base,60-?,?,Not known,,248,2,
1007,"{""icon"": ""c000000""}",base,61-1,1,present,,249,1,
1008,"{""icon"": ""c990099""}",base,61-0,0,absent,,249,0,
1009,"{""icon"": ""ccccccc""}",base,61-N/A,N/A,Not Applicable,,249,3,
1010,"{""icon"": ""cff66ff""}",base,61-?,?,Not known,,249,2,
1011,"{""icon"": ""c000000""}",base,62-1,1,present,,250,1,
1012,"{""icon"": ""c990099""}",base,62-0,0,absent,,250,0,
1013,"{""icon"": ""ccccccc""}",base,62-N/A,N/A,Not Applicable,,250,3,
1014,"{""icon"": ""cff66ff""}",base,62-?,?,Not known,,250,2,
1015,"{""icon"": ""c000000""}",base,63-1,1,present,,251,1,
1016,"{""icon"": ""c990099""}",base,63-0,0,absent,,251,0,
1017,"{""icon"": ""ccccccc""}",base,63-N/A,N/A,Not Applicable,,251,3,
1018,"{""icon"": ""cff66ff""}",base,63-?,?,Not known,,251,2,
1019,"{""icon"": ""c000000""}",base,64-1,1,present,,252,1,
1020,"{""icon"": ""c990099""}",base,64-0,0,absent,,252,0,
1021,"{""icon"": ""ccccccc""}",base,64-N/A,N/A,Not Applicable,,252,3,
1022,"{""icon"": ""cff66ff""}",base,64-?,?,Not known,,252,2,
1023,"{""icon"": ""c000000""}",base,65-1,1,Possessor-Possessed,,253,0,
1024,"{""icon"": ""c66ff33""}",base,65-3,3,both,,253,2,
1025,"{""icon"": ""c99ffff""}",base,65-2,2,Possessed-Possessor,,253,1,
1026,"{""icon"": ""cdd0000""}",base,65-N/A,N/A,Not Applicable,,253,4,
1027,"{""icon"": ""cff66ff""}",base,65-?,?,Not known,,253,3,
1028,"{""icon"": ""c000000""}",base,66-1,1,present,,254,1,
1029,"{""icon"": ""c990099""}",base,66-0,0,absent,,254,0,
1030,"{""icon"": ""ccccccc""}",base,66-N/A,N/A,Not Applicable,,254,3,
1031,"{""icon"": ""cff66ff""}",base,66-?,?,Not known,,254,2,
1032,"{""icon"": ""c000000""}",base,67-N/A,N/A,Not Applicable,,255,5,
1033,"{""icon"": ""c009900""}",base,67-1,1,Decimal,,255,0,
1034,"{""icon"": ""c990099""}",base,67-3,3,Body-part tallying,,255,2,
1035,"{""icon"": ""c99ffff""}",base,67-2,2,Quinary,,255,1,
1036,"{""icon"": ""ccccccc""}",base,67-4,4,minimal,,255,3,
1037,"{""icon"": ""cff4400""}",base,67-?,?,Not known,,255,4,
1038,"{""icon"": ""c000000""}",base,68-1,1,present,,256,1,
1039,"{""icon"": ""c990099""}",base,68-0,0,absent,,256,0,
1040,"{""icon"": ""ccccccc""}",base,68-N/A,N/A,Not Applicable,,256,3,
1041,"{""icon"": ""cff66ff""}",base,68-?,?,Not known,,256,2,
1042,"{""icon"": ""c000000""}",base,69-1,1,present,,257,1,
1043,"{""icon"": ""c990099""}",base,69-0,0,absent,,257,0,
1044,"{""icon"": ""ccccccc""}",base,69-N/A,N/A,Not Applicable,,257,3,
1045,"{""icon"": ""cff66ff""}",base,69-?,?,Not known,,257,2,
1046,"{""icon"": ""c000000""}",base,7-1,1,present,,258,1,
1047,"{""icon"": ""c9999ff""}",base,7-0,0,absent,,258,0,
1048,"{""icon"": ""cff4400""}",base,7-?,?,Not known,,258,2,
1049,"{""icon"": ""c000000""}",base,70-1,1,present,,259,1,
1050,"{""icon"": ""c990099""}",base,70-0,0,absent,,259,0,
1051,"{""icon"": ""ccccccc""}",base,70-N/A,N/A,Not Applicable,,259,3,
1052,"{""icon"": ""cff66ff""}",base,70-?,?,Not known,,259,2,
1053,"{""icon"": ""c000000""}",base,71-1,1,present,,260,1,
1054,"{""icon"": ""c990099""}",base,71-0,0,absent,,260,0,
1055,"{""icon"": ""ccccccc""}",base,71-N/A,N/A,Not Applicable,,260,3,
1056,"{""icon"": ""cff66ff""}",base,71-?,?,Not known,,260,2,
1057,"{""icon"": ""c000000""}",base,72-1,1,present,,261,1,
1058,"{""icon"": ""c990099""}",base,72-0,0,absent,,261,0,
1059,"{""icon"": ""ccccccc""}",base,72-N/A,N/A,Not Applicable,,261,3,
1060,"{""icon"": ""cff66ff""}",base,72-?,?,Not known,,261,2,
1061,"{""icon"": ""c000000""}",base,73-1,1,present,,262,1,
1062,"{""icon"": ""c990099""}",base,73-0,0,absent,,262,0,
1063,"{""icon"": ""ccccccc""}",base,73-N/A,N/A,Not Applicable,,262,3,
1064,"{""icon"": ""cff66ff""}",base,73-?,?,Not known,,262,2,
1065,"{""icon"": ""c000000""}",base,74-1,1,present,,263,1,
1066,"{""icon"": ""c990099""}",base,74-0,0,absent,,263,0,
1067,"{""icon"": ""ccccccc""}",base,74-N/A,N/A,Not Applicable,,263,3,
1068,"{""icon"": ""cff66ff""}",base,74-?,?,Not known,,263,2,
1069,"{""icon"": ""c000000""}",base,75-1,1,present,,264,1,
1070,"{""icon"": ""c990099""}",base,75-0,0,absent,,264,0,
1071,"{""icon"": ""ccccccc""}",base,75-N/A,N/A,Not Applicable,,264,3,
1072,"{""icon"": ""cff66ff""}",base,75-?,?,Not known,,264,2,
1073,"{""icon"": ""c000000""}",base,76-1,1,present,,265,1,
1074,"{""icon"": ""c990099""}",base,76-0,0,absent,,265,0,
1075,"{""icon"": ""ccccccc""}",base,76-N/A,N/A,Not Applicable,,265,3,
1076,"{""icon"": ""cff66ff""}",base,76-?,?,Not known,,265,2,
1077,"{""icon"": ""c000000""}",base,77-1,1,present,,266,1,
1078,"{""icon"": ""c990099""}",base,77-0,0,absent,,266,0,
1079,"{""icon"": ""ccccccc""}",base,77-N/A,N/A,Not Applicable,,266,3,
1080,"{""icon"": ""cff66ff""}",base,77-?,?,Not known,,266,2,
1081,"{""icon"": ""c000000""}",base,78-1,1,present,,267,1,
1082,"{""icon"": ""c990099""}",base,78-0,0,absent,,267,0,
1083,"{""icon"": ""ccccccc""}",base,78-N/A,N/A,Not Applicable,,267,3,
1084,"{""icon"": ""cff66ff""}",base,78-?,?,Not known,,267,2,
1085,"{""icon"": ""c000000""}",base,79-1,1,present,,268,1,
1086,"{""icon"": ""c990099""}",base,79-0,0,absent,,268,0,
1087,"{""icon"": ""ccccccc""}",base,79-N/A,N/A,Not Applicable,,268,3,
1088,"{""icon"": ""cff66ff""}",base,79-?,?,Not known,,268,2,
1089,"{""icon"": ""c000000""}",base,8-1,1,present,,269,1,
1090,"{""icon"": ""c9999ff""}",base,8-0,0,absent,,269,0,
1091,"{""icon"": ""cff4400""}",base,8-?,?,Not known,,269,2,
1092,"{""icon"": ""c000000""}",base,80-1,1,present,,270,1,
1093,"{""icon"": ""c990099""}",base,80-0,0,absent,,270,0,
1094,"{""icon"": ""ccccccc""}",base,80-N/A,N/A,Not Applicable,,270,3,
1095,"{""icon"": ""cff66ff""}",base,80-?,?,Not known,,270,2,
1096,"{""icon"": ""c000000""}",base,81-1,1,present,,271,1,
1097,"{""icon"": ""c990099""}",base,81-0,0,absent,,271,0,
1098,"{""icon"": ""ccccccc""}",base,81-N/A,N/A,Not Applicable,,271,3,
1099,"{""icon"": ""cff66ff""}",base,81-?,?,Not known,,271,2,
1100,"{""icon"": ""c000000""}",base,82-1,1,present,,272,1,
1101,"{""icon"": ""c990099""}",base,82-0,0,absent,,272,0,
1102,"{""icon"": ""ccccccc""}",base,82-N/A,N/A,Not Applicable,,272,3,
1103,"{""icon"": ""cff66ff""}",base,82-?,?,Not known,,272,2,
1104,"{""icon"": ""c000000""}",base,83-1,1,present,,273,1,
1105,"{""icon"": ""c990099""}",base,83-0,0,absent,,273,0,
1106,"{""icon"": ""ccccccc""}",base,83-N/A,N/A,Not Applicable,,273,3,
1107,"{""icon"": ""cff66ff""}",base,83-?,?,Not known,,273,2,
1108,"{""icon"": ""c000000""}",base,84-1,1,present,,274,1,
1109,"{""icon"": ""c990099""}",base,84-0,0,absent,,274,0,
1110,"{""icon"": ""ccccccc""}",base,84-N/A,N/A,Not Applicable,,274,3,
1111,"{""icon"": ""cff66ff""}",base,84-?,?,Not known,,274,2,
1112,"{""icon"": ""c000000""}",base,85-1,1,present,,275,1,
1113,"{""icon"": ""c990099""}",base,85-0,0,absent,,275,0,
1114,"{""icon"": ""ccccccc""}",base,85-N/A,N/A,Not Applicable,,275,3,
1115,"{""icon"": ""cff66ff""}",base,85-?,?,Not known,,275,2,
1116,"{""icon"": ""c000000""}",base,86-1,1,present,,276,1,
1117,"{""icon"": ""c990099""}",base,86-0,0,absent,,276,0,
1118,"{""icon"": ""ccccccc""}",base,86-N/A,N/A,Not Applicable,,276,3,
1119,"{""icon"": ""cff66ff""}",base,86-?,?,Not known,,276,2,
1120,"{""icon"": ""c000000""}",base,87-1,1,present,,277,1,
1121,"{""icon"": ""c990099""}",base,87-0,0,absent,,277,0,
1122,"{""icon"": ""ccccccc""}",base,87-N/A,N/A,Not Applicable,,277,3,
1123,"{""icon"": ""cff66ff""}",base,87-?,?,Not known,,277,2,
1124,"{""icon"": ""c000000""}",base,88-1,1,present,,278,1,
1125,"{""icon"": ""c990099""}",base,88-0,0,absent,,278,0,
1126,"{""icon"": ""ccccccc""}",base,88-N/A,N/A,Not Applicable,,278,3,
1127,"{""icon"": ""cff66ff""}",base,88-?,?,Not known,,278,2,
1128,"{""icon"": ""c000000""}",base,89-1,1,present,,279,1,
1129,"{""icon"": ""c990099""}",base,89-0,0,absent,,279,0,
1130,"{""icon"": ""ccccccc""}",base,89-N/A,N/A,Not Applicable,,279,3,
1131,"{""icon"": ""cff66ff""}",base,89-?,?,Not known,,279,2,
1132,"{""icon"": ""c000000""}",base,9-1,1,present,,280,1,
1133,"{""icon"": ""c9999ff""}",base,9-0,0,absent,,280,0,
1134,"{""icon"": ""cff4400""}",base,9-?,?,Not known,,280,2,
1135,"{""icon"": ""c000000""}",base,90-1,1,present,,281,1,
1136,"{""icon"": ""c990099""}",base,90-0,0,absent,,281,0,
1137,"{""icon"": ""ccccccc""}",base,90-N/A,N/A,Not Applicable,,281,3,
1138,"{""icon"": ""cff66ff""}",base,90-?,?,Not known,,281,2,
1139,"{""icon"": ""c000000""}",base,91-1,1,present,,282,1,
1140,"{""icon"": ""c990099""}",base,91-0,0,absent,,282,0,
1141,"{""icon"": ""ccccccc""}",base,91-N/A,N/A,Not Applicable,,282,3,
1142,"{""icon"": ""cff66ff""}",base,91-?,?,Not known,,282,2,
1143,"{""icon"": ""c000000""}",base,92-1,1,present,,283,1,
1144,"{""icon"": ""c990099""}",base,92-0,0,absent,,283,0,
1145,"{""icon"": ""ccccccc""}",base,92-N/A,N/A,Not Applicable,,283,3,
1146,"{""icon"": ""cff66ff""}",base,92-?,?,Not known,,283,2,
1147,"{""icon"": ""c000000""}",base,93-1,1,present,,284,1,
1148,"{""icon"": ""c990099""}",base,93-0,0,absent,,284,0,
1149,"{""icon"": ""ccccccc""}",base,93-N/A,N/A,Not Applicable,,284,3,
1150,"{""icon"": ""cff66ff""}",base,93-?,?,Not known,,284,2,
1151,"{""icon"": ""c000000""}",base,94-1,1,present,,285,1,
1152,"{""icon"": ""c990099""}",base,94-0,0,absent,,285,0,
1153,"{""icon"": ""ccccccc""}",base,94-N/A,N/A,Not Applicable,,285,3,
1154,"{""icon"": ""cff66ff""}",base,94-?,?,Not known,,285,2,
1155,"{""icon"": ""c000000""}",base,95-1,1,present,,286,1,
1156,"{""icon"": ""c990099""}",base,95-0,0,absent,,286,0,
1157,"{""icon"": ""ccccccc""}",base,95-N/A,N/A,Not Applicable,,286,3,
1158,"{""icon"": ""cff66ff""}",base,95-?,?,Not known,,286,2,
1159,"{""icon"": ""c000000""}",base,96-1,1,present,,287,1,
1160,"{""icon"": ""c990099""}",base,96-0,0,absent,,287,0,
1161,"{""icon"": ""ccccccc""}",base,96-N/A,N/A,Not Applicable,,287,3,
1162,"{""icon"": ""cff66ff""}",base,96-?,?,Not known,,287,2,
1163,"{""icon"": ""c000000""}",base,97-1,1,present,,288,1,
1164,"{""icon"": ""c990099""}",base,97-0,0,absent,,288,0,
1165,"{""icon"": ""ccccccc""}",base,97-N/A,N/A,Not Applicable,,288,3,
1166,"{""icon"": ""cff66ff""}",base,97-?,?,Not known,,288,2,
1167,"{""icon"": ""c000000""}",base,98-1,1,present,,289,1,
1168,"{""icon"": ""c990099""}",base,98-0,0,absent,,289,0,
1169,"{""icon"": ""ccccccc""}",base,98-N/A,N/A,Not Applicable,,289,3,
1170,"{""icon"": ""cff66ff""}",base,98-?,?,Not known,,289,2,
1171,"{""icon"": ""c000000""}",base,99-1,1,present,,290,1,
1172,"{""icon"": ""c990099""}",base,99-0,0,absent,,290,0,
1173,"{""icon"": ""ccccccc""}",base,99-N/A,N/A,Not Applicable,,290,3,
1174,"{""icon"": ""cff66ff""}",base,99-?,?,Not known,,290,2,
